:020000040800F2
:10000000B86200205D020008AF4400088332000897
:10001000AD44000869080008A14F00080000000076
:100020000000000000000000000000009D0100082A
:100030007909000800000000F9010008E5480008FF
:1000400077020008770200087702000877020008AC
:10005000770200087702000877020008770200089C
:10006000770200087702000877020008770200088C
:100070006D08000879080008850800089108000844
:100080009D080008A9080008770200087702000808
:10009000770200087702000877020008770200085C
:1000A000770200087702000877020008770200084C
:1000B00077020008770200087702000891320008F2
:1000C0008532000877020008770200081D47000803
:1000D00029470008014F0008894F0008954F000884
:1000E000770200087702000877020008770200080C
:1000F00077020008770200087702000877020008FC
:1001000077020008D144000877020008770200084F
:10011000894A000877020008AD4900087702000804
:1001200077020008B5080008B9080008770200083F
:1001300077020008000000000000000077020008BD
:1001400077020008770200087702000877020008AB
:1001500077020008C5080008C908000877020008EF
:10016000770200087702000877020008770200088B
:10017000770200087702000800000000000000007D
:100180007702000877020008DFF80CD000F0CEFA02
:10019000004800476D8A0008B86200202C4B19689F
:1001A0000868B0E8F04F80F30988BFF36F8F4FF015
:1001B000000080F3118870470000000008480068C4
:1001C000006880F308884FF0000080F3148862B65E
:1001D00061B6BFF34F8FBFF36F8F00DF00BF00BF6B
:1001E00008ED00E0DFF80C00016841F470010160E7
:1001F000704700BF88ED00E0EFF30980BFF36F8F19
:10020000134B1A681EF0100F08BF20ED108A20E96A
:10021000F04F106009B44FF0500080F31188BFF325
:100220004F8FBFF36F8F0BF0B7FE4FF0000080F3DE
:10023000118809BC19680868B0E8F04F1EF0100F6B
:1002400008BFB0EC108A80F30988BFF36F8F704746
:10025000A0000020EFF305807047000006488047AB
:1002600006480047FEE7FEE7FEE7FEE7FEE7FEE79B
:10027000FEE7FEE7FEE7FEE79D490008890100086A
:100280002DE9F05F0546002092469B4688460646CB
:10029000814640241BE0284641464746224600F05E
:1002A0007CF853465A46C01A914110D3114618465D
:1002B000224600F063F82D1A67EB01084F462246EC
:1002C0000120002100F05AF817EB00094E41201ED2
:1002D000A4F10104DFDC484631462A464346BDE826
:1002E000F09F40EA01039B0703D009E008C9121FF1
:1002F00008C0042AFAD203E011F8013B00F8013BE0
:10030000521EF9D27047D2B201E000F8012B491E0B
:10031000FBD270470022F6E710B513460A460446A2
:100320001946FFF7F0FF204610BD00F0004230F004
:1003300000400AD0C10D01F56071C0F3160042EA19
:100340000151C20840071143704700200146704721
:1003500030B50B46014600202022012409E021FA95
:1003600002F59D4205D303FA02F5491B04FA02F592
:100370002844151EA2F10102F1DC30BD202A04DB65
:10038000203A00FA02F1002070479140C2F12003A8
:1003900020FA03F3194390407047202A04DB203AE7
:1003A00021FA02F00021704721FA02F3D040C2F195
:1003B000200291400843194670472DE9FE4F8046C0
:1003C00081EA0300C00F0C46009021F0004123F0A9
:1003D0000045B8EB0200A94105D2404621469046AF
:1003E0001C460B46024623F00040104347D0270D21
:1003F000C7F30A00C3F30A510290401A0190402843
:100400006BDAC3F3130040F4801B0098924620B1CE
:100410000023D2EB030A63EB0B0B01985946C0F1A2
:1004200040025046FFF7AAFF06460D465046594681
:10043000019A00F08DF910EB08006141002487EA71
:10044000115284EAE7731A4340D0009A62B3019ACA
:10045000012A4FEA075215DC001B61EB02014FF045
:10046000004202EA0752CDE90042001C41F580112A
:1004700032462B4600F08DF903B0BDE8F08F4046C0
:100480002146F9E7001B61EB0201001C41F58013D6
:1004900000185B412018A2F5001747EB030140EA62
:1004A000D570B6196D4111E06D084FEA360645EA80
:1004B000C0754FEA0752001B61EB0201001C41F5B9
:1004C000801149084FEA30000019514132462B464D
:1004D00003B0BDE8F04F00F04DB900980122400094
:1004E0000023D0EB020263EBE073009821464FEA51
:1004F000E074B8EB000061EB0401E9E783F000432E
:100500005BE781F0004158E72DE9FE4F81EA0304E3
:1005100004F0004421F0004100944FF0000B23F060
:10052000004350EA01045ED052EA03045BD0C3F3F7
:100530000A54C1F30A552C44A4F2F3340194A0FBED
:100540000254C1F3130141F48011C3F3130343F4C4
:10055000801301FB024400FB034E840A970A44EA1D
:10056000815447EA8357A4FB076802958D0A05FB6F
:1005700007854FEA932C04FB0C542705029D4FEA94
:10058000065847EA1637B5EB08056EEB070C870EE1
:10059000920E47EA811742EA8312A7FB0201B6EBEB
:1005A0000B0164EB00042B0D43EA0C335E1844EBA3
:1005B0001C50DA465146E7FB0201C5F313044FEA2B
:1005C0000B3343EA14534FEA0432019C43EA060317
:1005D000A4F10C040294009CCDE900B400F0D9F819
:1005E00003B0BDE8F08F00200146F9E72DE9F04D9A
:1005F00081EA030404F0004B21F0004514464FF05B
:10060000000A23F0004150EA050220D054EA01021A
:100610001DD0C5F30A570246C5F31303C1F31300F7
:10062000C1F30A5640F4801543F48013A7EB060883
:10063000101BD64608F2FD3873EB050002D308F113
:10064000010801E092185B41B8F1000F03DA0020C5
:100650000146BDE8F08D00204FF480110646844627
:100660000EE0171B73EB050705D3121B63EB0503A5
:1006700006434CEA010C49084FEA300092185B41EE
:1006800050EA0107EDD152EA030012D082EA0400D9
:1006900083EA0501084305D0101BAB4106D20122B5
:1006A000002306E000224FF0004302E06FF0010259
:1006B00053101AEB06004CEB085110EB0A0041EB0B
:1006C0000B01BDE8F04D00F055B8C1F30A52C1F37B
:1006D000130140F2FF3341F480119A4202DA002004
:1006E0000146704740F233439A42A2F2334202DCA1
:1006F0005242FFF752BEFFF741BE000030B5041E64
:1007000071F1000404DB4FF00044404264EB01014E
:10071000141E73F1000405DB1C464FF000435242E7
:1007200063EB0403994208BF904230BD064C074D6D
:1007300006E0E06840F0010394E8070098471034B1
:10074000AC42F6D3FFF724FDA4D70008C4D70008B5
:10075000202A06DBCB17203A41FA02F043EAE07385
:1007600006E041FA02F3D040C2F120029140084372
:100770001946704710B5141E73F1000408DA401CC6
:1007800041F1000192185B411A4301D120F00100B0
:1007900010BD2DE9F04D92469B4611B1B1FA81F2A0
:1007A00002E0B0FA80F220329046FFF7E7FD0446FF
:1007B0000F4640EA0A0041EA0B0153465A460843F5
:1007C00013D0114653EA010019D0C8F14002504637
:1007D000FFF7E3FD05460E46504659464246FFF7F1
:1007E000CDFD084305D0012004E020463946BDE890
:1007F000F08D0020054346EAE0762C4337430A9803
:100800006305E40AA0EB08000022FD0A44EA47540D
:100810000A3002D500200146E9E7010510196941B7
:10082000DDE9084500196941BDE8F04DA2E730B5A2
:100830008C1810F8012B12F00F0301D110F8013BB6
:10084000120906D110F8012B03E010F8015B01F842
:10085000015B5B1EF9D101E001F8013B521EFBD1A7
:10086000A142E6D3002030BDFEE70000014800F0C1
:10087000E5B800003C130020014800F0DFB800009C
:10088000FC100020014800F0D9B80000DC12002064
:10089000014800F0D3B800009C100020014800F08F
:1008A000CDB800007C120020014800F0C7B800005D
:1008B0001C12002070470000014800F0BFB8000083
:1008C0005C11002070470000014800F0B7B800003C
:1008D000BC11002001681823CAB2103AB2FBF3F22F
:1008E000054B6FF30901032A9B5CC36500D9091D01
:1008F0008165084670470000F6D2000810B5014631
:1009000000208B698A6A4FF0C07453B1B3F5005F61
:1009100015D072B1012A0CD0022A0AD0032A09D1BB
:1009200004E01AB1012A06D0022A03D1C96AC9011A
:1009300000D5012010BDC96AA142FAD010BD002A1D
:10094000F7D0012AF2D0022AF3D0032AF3D010BD47
:1009500030B50468256825F4802525600468636047
:100960008368402B036803D099600068C26030BD83
:100970009A600068C16030BD704772B6FEE72DE92D
:10098000F0410446876D00F0E7FA064694F835001A
:100990000025022806D08020606584F834500120AC
:1009A000BDE8F0812068016821F01601016020682F
:1009B000416921F080014161206C08B9A06C20B12F
:1009C0002068016821F0080101602068016821F0B9
:1009D000010101600CE000F0BFFA801B052807D977
:1009E00020206065032084F8350084F83450D7E770
:1009F00020680068C007EED194F85C103F20884062
:100A0000B860012084F8350084F834500020C7E72E
:100A100090F83510022903D08021416501207047EC
:100A2000052180F835100068016821F0010101609E
:100A30000020704790F83500704700002DE9F8431A
:100A400004464FF00009CDF8009063484FF416516A
:100A5000A56D0068B0FBF1F72E6894F85C100820D3
:100A600000FA01F131420FD021680A6852070BD514
:100A70000A6822F004020A6094F85C108840A860BA
:100A8000606D40F00100606594F85C104FF0010863
:100A900008FA01F0304208D021684969090604D5F6
:100AA000A860606D40F00200606594F85C1004205E
:100AB0008840304208D021680968890704D5A860B9
:100AC000606D40F00400606594F85C101020884070
:100AD000304218D021680968090714D5A860206839
:100AE0000168490304D50068000308D5A16C07E03C
:100AF0000168C90503D4016821F008010160216C77
:100B000009B12046884794F85C1020208840304284
:100B100031D021680968C9062DD5A86094F8350040
:100B200005282068016806D0490347D500680003FE
:100B30001DD4616C1CE021F0160101602068416940
:100B400021F080014161206C08B9A06C20B12068BF
:100B5000016821F00801016094F85C103F20884092
:100B6000A86084F8358084F83490216D1FE0E16B33
:100B700009B120468847606D00282BD0606DC00702
:100B800014D0052084F835002068016821F00101A7
:100B900001600098401C0090B84203D820680068AB
:100BA000C007F6D184F8358084F83490E16C0029D0
:100BB00010D001B02046BDE8F04308470168C905E0
:100BC000D5D4016821F01001016084F8358084F8E3
:100BD0003490CCE7BDE8F8839C0000202DE9F0417B
:100BE000044600F0B9F906465CB1022084F83500ED
:100BF000002584F834502068016821F0010101606B
:100C00000DE00120BDE8F08100F0A6F9801B052869
:100C100005D920206065032084F83500F2E72068BC
:100C20000068C007F0D12268116820480140D4E96B
:100C300001031843D4E90336334318436369184367
:100C4000A3691843E3691843236A18430843616A98
:100C5000042903D1D4E90B13194308431060206819
:100C60004069666A20F0070130460E4301270428D8
:100C70000CD1A06A0643E06A40B12046FFF73EFE71
:100C800020B14020606584F83570BAE7206846617D
:100C90002046FFF71FFE94F85C203F2191408160C1
:100CA000656584F835700020ACE700003F8010F0E7
:100CB0002DE9F0410446866D90F8340000250128A6
:100CC0000DD0012084F8340094F835700020012FF5
:100CD00007D084F8340002252846BDE8F0810220C0
:100CE000FBE7022784F8357060652046FFF730FE89
:100CF00094F85C103F208840B0602068016841F0A3
:100D000016010160206C20B12068016841F00801E3
:100D100001602068016841F001010160DCE700002A
:100D200070B5044600F018F90546601C02D004486E
:100D30000078044400F010F9401BA042FAD370BDC3
:100D4000900000202DE9F84FDFF8BCA1002201251A
:100D500003264FF00F090AF1040BAAF1040E00BF9D
:100D60000B6805FA02F42340A34270D10F7907F013
:100D70000307012F01D0022F16D187684FEA4208DE
:100D800006FA08FC27EA0C07D1F80CC00CFA08FC9C
:100D90004CEA070CC0F808C04768A7430C79C4F3B5
:100DA000001494403C4344600C79E443A4070AD007
:100DB000C4684FEA420C06FA0CF7BC438F6807FA86
:100DC0000CF72743C7600C7904F00304022C12D1FE
:100DD000D40800EB840CDCF820405707FF0E09FA1A
:100DE00007F824EA0804D1F8108008FA07F848EA5E
:100DF0000408CCF8208004684FEA420C06FA0CF78D
:100E0000BC430F7907F0030707FA0CF72743076085
:100E10004C6814F4403F70D03C4C276847F480473E
:100E20002760246822F0030704F480440094384CBF
:100E300007EB040CDCF8084897074FEA177809FA23
:100E400008F7BC43334FB84202D1002724E054E0F6
:100E5000314FB84201D101271EE0304FB84201D1D5
:100E6000022719E02E4FB84201D1032714E02D4F7D
:100E7000B84201D104270FE02B4FB84201D105271A
:100E80000AE02A4FB84201D1062705E0284FB842B0
:100E900001D1072700E0082707FA08F72743CCF815
:100EA0000878DAF800405746D1F804C09C435FEA5E
:100EB000CC2C00D51C433C60DBF800405F46D1F8E9
:100EC00004C09C435FEA8C2C00D51C433C60DEF8D8
:100ED00000407746D1F804C09C435FEA8C3C00D5C3
:100EE0001C433C60084F083F3C68D1F804C09C4359
:100EF0005FEACC3C00D51C433C60521C102AFFF436
:100F00002FAFBDE8F88F0000083C01404438024094
:100F1000003001400000024000040240000802408E
:100F2000000C024000100240001402400018024071
:100F3000001C02400069084000D00120704742694F
:100F400021EA02030A4043EA0241816170470AB183
:100F5000816170470904FBE7014880687047000021
:100F600090000020704770472DE9F0410168044669
:100F70004A694E6890F83E000025D743FA0506D42A
:100F8000F243D20503D46FF4807201254A61B9059A
:100F900008D4F143C90505D422686FF4007145F007
:100FA00002055161790525D4F143C90522D4638D29
:100FB00094F83D10226B202808D13BB9212910D08C
:100FC00029290ED0282901D1212A0AD022686FF4BC
:100FD0008061516145F00405102806D0402804D0F6
:100FE00008E0204602F024FE04E02068016841F495
:100FF00000710160380508D4F043C00505D42168AC
:101000006FF4006045F008054861002D07D0206CA2
:10101000284320642046BDE8F04102F0A5B9BDE8B0
:10102000F0812DE9F047026800215368C66A90F804
:101030003E4090F83D50102C12D0402C10D0046C43
:10104000002C7DD05469E443A6077AD4DE43B6056C
:1010500077D4036C03B19169BDE8F04702F0C4BDD9
:10106000976951694FF42A0CC9435FEAC1784FF080
:101070002A4904D066452AD04E4528D010E0DE43E8
:10108000B6050DD4C16A614501D1012103E0C16AF1
:10109000494501D10821C162BDE8F04702F038BCE2
:1010A0000E0716D4DE43B60513D4416CC9B21161E4
:1010B000416B09B1C96B29B9816B002907D0C96B94
:1010C000002904D00068416841F400614160BDE836
:1010D000F0878E0706D4DE43B60503D4BDE8F0479B
:1010E00002F08ABBFE43526876074FEA02521DD4D3
:1010F000002AECDB0A0608D4DA43520505D4490776
:1011000005D5BDE8F04702F01BBB4907DFD4D94342
:101110008905DCD4212D05D0402CD8D1BDE8F0477D
:1011200002F03CBCBDE8F04702F0C8BA002ACEDBB2
:101130004A060BD4DA43520508D4490708D501E022
:101140000DE00EE0BDE8F04702F03EBA4907BED41C
:10115000D9438905BBD4BDE8F04702F0C8B991690D
:1011600070E7E10606D4D943890503D4BDE8F0470A
:1011700002F0A6BD2821212D27D0292D25D06506D6
:1011800055D4DD436D0552D4640752D590F83D30F7
:10119000448D002C9BD01269446A2270426A521C12
:1011A0004262428D521E4285428D002A8FD12A2BE7
:1011B0008DD10268536823F4806353602222026356
:1011C00080F83D1000F0F0FA81E7250623D4DD43D6
:1011D0006D0520D4640720D590F83D30448D002C57
:1011E000F2D0446A24781461426A521C4262428DF1
:1011F000521E4285428D002AE6D1292BE4D1026895
:10120000536823F4806353602122026380F83D1009
:1012100000F0CBFA5BE76107D6D4D9438905D3D474
:10122000418D0029D0D0416A097811610AE0610737
:10123000CAD4D9438905C7D4418D0029C4D01169C6
:10124000426A1170416A491C4162418D491E4185C3
:101250003DE7704770B5040025D094F83D000025A7
:1012600020B984F83C50204600F058FA242084F835
:101270003D002068016821F00101016020680168DB
:1012800041F4004101602068016821F400410160DF
:1012900000F046FC4D4A6168914201D84C4900E09B
:1012A0004C49884201D2012070BD4B492368B0FBF4
:1012B000F1F15E6826F03F060E435E60636893427C
:1012C00006D94FF4967359434FF47A73B1FBF3F197
:1012D0002368491C1E6A26F03F0631431962616883
:1012E000914210D84900401EB0FBF1F2521CC2F3EB
:1012F0000B02042A01D2042022E0B0FBF1F0401CD2
:10130000C0F30B001CE0A268F2B301EBC10303EBD6
:101310000116431EB3FBF6F35B1C43F480431B052D
:1013200049D092B301EBC10202EB0111401EB0FBA8
:10133000F1F0401CC0F30B0040F4804040F400404A
:101340002168CA694CF6FF739A431043C861D4E917
:10135000071001432068026822F0C00211430160B7
:10136000D4E9030101432068826848F2FF339A43BD
:1013700011438160D4E9050108432168CA6822F05D
:10138000FF021043C86001E00EE016E0206801682B
:1013900041F0010101602564202084F83D002563AF
:1013A00084F83E50002070BD01EB4106431EB3FBA4
:1013B000F6F35B1CB3E70120C2E701EB4101401EDD
:1013C000B0FBF1F0401CC0F30B00B7E7A0860100B2
:1013D00080841E0000093D0040420F0070477047A6
:1013E00070477047704700002DE9FF4F83B09A4661
:1013F000DDE9118793460446DDF84090FFF7ACFD28
:10140000054694F83D00202870D119230122744923
:101410002046009502F02EFD0028F5D194F83C00FE
:10142000012863D0012084F83C0020680168C907C6
:1014300003D1016841F0010101602068016821F4D5
:1014400000610160222084F83D00402084F83E00C5
:1014500000262664C4F82490A4F82A80608D208594
:101460006048E062CDE9007553465A46204604992B
:1014700002F0E8FA002879D1208DD0B1012821D0DE
:101480000228206824D0416980690090208D0328BB
:1014900066D801282BD0544902283B464FF0000261
:1014A000009557D08846204602F0E4FC00285DD124
:1014B0003AE02068416981690091016841F4007156
:1014C00001607DE02068016821F480610160F0E73F
:1014D000016821F4806101602068016841F40061C5
:1014E0000160206841698069009069E075E02A46E2
:1014F0003946204602F064FD88BB54E0206801684C
:1015000041F40071016020680069616A0870606AD6
:10151000401C6062218D491E2185618D491E6185B7
:1015200021680969017042E02068016821F4806146
:10153000016020680069616A0870606A401C60622E
:10154000208D401E2085608D401E60853B46002218
:1015500041460095204602F08DFC00B9CEE705E03B
:101560002A463946204602F02BFD18B1012007B06B
:10157000BDE8F08F20680069616A0870606A401CED
:101580006062208D401E81B22185608D401E608585
:1015900020684269D243520712D4032903D101685B
:1015A00021F48061016020680069616A0870606AE6
:1015B000401C6062208D401E2085608D401E60852D
:1015C000208D00287FF462AF202084F83D0084F84D
:1015D0003E6084F83C600020C9E70220C7E70000B5
:1015E000020010000000FFFF040001002DE9FF4F82
:1015F00083B09A46DDE9119793460446DDF84080B2
:10160000FFF7AAFC054694F83D0020287FD1192356
:10161000012240492046009502F02CFC002876D19A
:1016200094F83C00012872D0012084F83C00206826
:101630000168C90703D1016841F001010160206818
:10164000016821F400610160212084F83D00402000
:1016500084F83E0000262664C4F82480A4F82A906A
:10166000608D20852C48E062CDE9007553465A46CE
:101670002046049902F064FA70B930E02A463946EF
:10168000204602F0D5FC58B1206C042804D1206813
:10169000016841F400710160012007B0BDE8F08FDE
:1016A000606A216800780861606A401C6062218D70
:1016B000491E89B22185628D521E62852268536956
:1016C000DB435B070BD469B100781061606A401C92
:1016D0006062208D401E2085608D401E6085208DBB
:1016E0000028CBD12A463946204602F097FB002835
:1016F000CAD154F83D0B016841F40071016020200B
:1017000004F81E09E67766770020C6E7FFE70220A7
:10171000C3E70000020010000000FFFF10B586B014
:10172000044614216846FEF7F5FD1C4920688842EE
:1017300031D11B480021026842F0020202600068B9
:1017400000F0020005904FF4407000901220CDE9A7
:101750000101032003900420049069461148FFF71B
:10176000F1FA0F481030016841F40011016000687F
:10177000002200F40010059005211F2000F0E4F87D
:101780001F2000F0D3F800220521202000F0DCF813
:10179000202000F0CBF806B010BD0000005400403F
:1017A00030380240000402407047704770B50400B2
:1017B00013D021684CF6CC400860216845F25550A2
:1017C0000860D4E9000141602168A0688860FFF7E3
:1017D000C3FB054641F601060DE0012070BD00BFC8
:1017E000FFF7BAFB401BB04205D92068C0688007EC
:1017F00001D0032070BD2068C0688007F0D1216847
:101800004AF6AA200860002070BD00684AF6AA21A6
:10181000016000207047000002488168027811448E
:1018200081607047900000200B4810B5016841F4BA
:1018300000710160016841F480610160016841F458
:1018400080710160032000F09FF80F2000F006F87F
:1018500000F050F8002010BD003C024030B50546B5
:101860001F4887B00024016841F010010160006842
:1018700006A900F01000009001A800F031F90498CA
:10188000A8B100F04DF940001649174AB0FBF1F13C
:101890001648491E026040F2E732C0E90324C0E95D
:1018A0000114846100F0E1FF040003D015E000F0B2
:1018B00037F9E9E70D4801F039F804000DD1362079
:1018C00000F034F8102D07D200222946362000F00F
:1018D0003BF80748056000E0012407B0204630BD12
:1018E0004038024040420F00001000409C1300208E
:1018F000940000200C4882B0016841F480410160EE
:10190000006800F4804000900748001F016841F023
:10191000805101600068002200F0805000900F218B
:10192000901E02B000F010B844380240002809DBD5
:1019300000F01F02012191404009800000F1E020E9
:10194000C0F8001170470000F0B40E4B1B680C4645
:10195000C3F30223C3F10705042D00D90425191D83
:10196000072901D2002300E0DB1E012606FA05F15B
:10197000491E214099409E40761E16403143F0BCDE
:1019800003F02CBB0CED00E0064900F007020868EC
:101990004FF6FF03184040EA0220034A1043086054
:1019A000704700000CED00E00000FA052DE9F0475B
:1019B0000E46050065D0DFF81481D8F80000F7B2B4
:1019C00000F00700B04207D288F80070D8F8000095
:1019D00000F00700B04254D128683D4C810712D571
:1019E000400703D5206840F4E050206028780007C5
:1019F00003D5206840F4604020602068A96820F08A
:101A0000F000084320602878C0072DD0304968686E
:101A10000839012812D0022813D0032811D00968F0
:101A2000890700292DDA216821F003010143216093
:101A3000FFF792FA814641F2883A0EE0096889037D
:101A4000EFE709688901ECE7FFF786FAA0EB0901E7
:101A5000514502D90320BDE8F0872068696800F08D
:101A60000C00B0EB810FEFD1D8F80010404601F028
:101A70000701B14207D90770006800F00700B042C3
:101A800001D00120E7E72878400705D52068E968FC
:101A900020F4E050084320602878000706D520682D
:101AA000296920F4604040EAC100206000F058F845
:101AB0002168084AC1F30311515CC8400649086017
:101AC00006480068FFF7CAFE0020C4E7003C024059
:101AD00008380240FED200089C000020940000203C
:101AE0000F2202600C4A136803F00303436013687B
:101AF00003F0F0038360136803F4E053C3601268DB
:101B00004FF4E05303EAD20202610448006800F097
:101B1000070008607047000008380240003C02409F
:101B20000448054900680968044AC1F38221515CF0
:101B3000C84070479C000020083802400ED30008BF
:101B40000448054900680968044AC1F34231515C00
:101B5000C84070479C000020083802400ED300089F
:101B6000154810B5006810F00C02144813D041104D
:101B7000042A0FD0082A0ED10F4C241F2268236894
:101B800002F03F025B0207D52068C0F38810A0FB7B
:101B9000010106E0084610BD2168C1F38811A1FBD0
:101BA00000010023FEF76CFB2168C1F30141491CD1
:101BB0004900B0FBF1F010BD083802400024F400E9
:101BC0002DE9F84F04006ED02078DFF84C93C00761
:101BD000A9F104054AD009F104000168C1F38101AB
:101BE000012908D00068C0F3810002280AD1D9F881
:101BF0000000400206D52868800337D560680028B9
:101C0000E1D033E06068B0F5803F10D0B0F5A02F90
:101C1000286810D020F480302860286820F48020C4
:101C200028606068A8B1FFF797F906460DE02868BC
:101C300040F48030F4E740F480202860F7E700BFEC
:101C4000FFF78AF9801B642873D828688003F7D5CA
:101C50000CE0FFF781F9064605E000BFFFF77CF9CD
:101C6000801B6428F0D828688003F7D42078DFF838
:101C7000AC8280074FF0000A3ED5A748001D0168DE
:101C800011F00C0F08D00068C0F3810002280BD1BE
:101C9000D9F80000400207D42868800716D5E0680C
:101CA000012800D112E033E1E068B8B10120C8F8A2
:101CB0000000FFF751F9064605E000BFFFF74CF9B9
:101CC000801B0228C0D828688007F7D528682169BA
:101CD00020F0F80040EAC10028600DE0C8F800A03C
:101CE000FFF73AF9064604E0FFF736F9801B0228B1
:101CF0001FD828688007F7D42078000722D5864FA0
:101D000087486169703771B101210160FFF724F9DB
:101D1000064604E0FFF720F9801B022809D838683E
:101D20008007F7D50EE0C0F800A0FFF715F90646CA
:101D300005E082E0FFF710F9801B02287DD83868A3
:101D40008007F7D42078400768D5DFF8CCB10027AA
:101D50000BF13C0BDBF80000C0000BD4DBF80010EB
:101D600041F08051CBF80010DBF80000012700F0B3
:101D7000805000906B4E3068C00510D4306840F43D
:101D800080703060FFF7E8F8009005E0FFF7E4F8B6
:101D90000099401A022850D83068C005F6D55E4E2A
:101DA000A0686C3601280FD00528306810D020F0CC
:101DB00001003060306820F004003060A068B8B1E5
:101DC000FFF7CAF800900FE0306840F00100F4E738
:101DD00040F004003060F7E7FFF7BEF80099411AC1
:101DE00041F28830814266D830688007F4D50EE031
:101DF000FFF7B2F8009007E0FFF7AEF80099411A3C
:101E000041F28830814256D830688007F4D42FB12F
:101E1000DBF8001021F08051CBF80010A069C8B3A6
:101E20003D49091D0968C1F3810102294AD00228F0
:101E3000504607D0C8F8600000E03CE0FFF78CF89F
:101E400004463BE04746C8F86000FFF785F80646C1
:101E500005E000BFFFF780F8801B02282BD8286818
:101E60008001F7D4D4E907010843A16A2E4A490842
:101E700002EB0141626A41EA8211084394F82C1096
:101E800040EA0161C9F8001001203866FFF764F8E4
:101E9000044606E03EE000BFFFF75EF8001B0228A4
:101EA00009D828688001F7D534E000BFFFF754F85F
:101EB000001B022802D90320BDE8F88F28688001A2
:101EC000F4D427E00128F7D0D9F80000E26900F443
:101ED000800191421CD1226A00F03F01914217D14A
:101EE00047F6C071626A0140B1EB821F10D1A26A4D
:101EF0004FF0FF3300F4403103EB5202B1EB024FDD
:101F000006D194F82C1000F07060B0EB016F01D096
:101F10000120D1E70020CFE704380240000047420B
:101F2000800E4742007000400000FFFF704770477E
:101F300070B50446B0F8500000250104206802F096
:101F4000E5FA18B1A16B0143A16304E00021206808
:101F500002F0BAFA0546C5F3432070BDF8B5056B2B
:101F600004460068416B09041BD5290719D5D4E93B
:101F70000A56002E14D00027206802F0AFFA05F8A8
:101F8000010B010A05F8011B010C05F8021B000EEC
:101F9000361F7F1C05F8010C082FEDD3C4E90A5643
:101FA000F8BD416B4FF00006C9054FF0010744D55D
:101FB000390281632068C16B4CF23A329143C163AC
:101FC0002068C16A21F00101C16228071DD515F002
:101FD000220F09D0206802F0B3FA28B1A16B0143A7
:101FE000A1632046FFF7A3FF216840F23A508863BF
:101FF00084F834702663A80703D0204600F0B2F8B6
:10200000F8BD204600F0AFF8F8BD2806FCD5A806BC
:1020100009D5206802F094FA28B1A16B0143A163AD
:102020002046FFF784FFA807EED12068C16A21F09F
:102030000801C16284F83470E3E7416B490424D598
:10204000290722D5D4E90856002EDDD05FF000071D
:1020500015F8010B009015F8011B361F40EA01200E
:10206000009015F8021B40EA0140009015F8011C91
:1020700040EA016000906946206802F042FA7F1C45
:10208000082FE5D3C4E90856F8BD416B40F23A2267
:102090001142F9D0416B890703D5A16B41F00201D0
:1020A000A163416B090703D5A16B41F00801A1634E
:1020B000416B890603D5A16B41F02001A163416BFF
:1020C000C90603D5A16B41F01001A163416B8905DD
:1020D00003D5A16B41F00801A16340F23A7181631D
:1020E0002068C16B40F23A329143C163206802F02C
:1020F00027FAA16B0843A063280706D584F834703B
:1021000026632046FFF713FFF8BD2806FCD515F01F
:10211000300F0CD0E16B11480865E06BFEF778FCDE
:102120000028F1D0E06BBDE8F84002F0D5BAA8076E
:102130000CD0216C0A480865206CFEF769FC002869
:10214000E2D0206CBDE8F84002F0A4BAA66384F89F
:10215000347026632046FFF7E9FEF8BDD946000833
:1021600095460008704770477047000038B5016811
:1021700004464A688868C043430606D5C30704D1AD
:10218000D3435B0601D4216C05E0830708D4D34315
:102190001B0605D4616C01B02046BDE830400847FD
:1021A000830603D5430601D5C30551D4D3439B060B
:1021B0004ED443060AD494F85130032B49D0636DB2
:1021C00043F004036365CB688B680093830609D4EE
:1021D000636D43F0010363658B6800930B6823F024
:1021E00040030B60C00506D4606D40F008006065D8
:1021F000206880680090606D002829D020684168C0
:1022000021F0E0014160012084F85100900701D4E1
:10221000D00722D02068416821F003014160114DB0
:10222000E06C40B10565E06CFEF7F2FB18B1606D43
:1022300040F040006065A06C002809D00565A06CE6
:10224000FEF7E6FB002803D0606D40F040006065BB
:1022500038BDC8688868009038BD2046FFF784FF05
:1022600038BD00003547000870B5040009D0606A29
:10227000002540B125616561A56294F8510040B127
:102280000CE0012070BD6068B0F5827FF4D0E5619C
:10229000F2E784F85050204600F044F8022084F819
:1022A00051002068016821F040010160A088218967
:1022B00000F4827001F404410843A18901F4006133
:1022C0000843217C01F002010843217D01F0010156
:1022D0000843218B01F400710843217F01F038018C
:1022E000084394F8201001F080010843218D01F487
:1022F0000051084321680860A069042101EA1040E8
:1023000094F8241001F01001084321684860206807
:10231000C16921F40061C1616565012084F8510043
:10232000002070BD70B586B0044614216846FDF7E4
:10233000F1FF1F492068884238D11E4800240168F7
:1023400041F480510160006800F480500590194804
:102350001438016841F001010160006801AA00F031
:1023600001000590102000900120032582E8310033
:10237000114E69463046FEF7E5FC01221021304639
:10238000FEF7E5FDE020009001A9022081E8310080
:102390000520049069463046FEF7D4FC0022052152
:1023A0002320FFF7D1FA2320FFF7C0FA06B070BD53
:1023B0000030014044380240000002402DE9F84F4F
:1023C000044690F851001D4616460F46012838D1A4
:1023D000002F77D0002E75D060684FF00408B0F55C
:1023E000827F01D1A06810B3FEF7B6FD824694F853
:1023F0005000012825D04FF0010984F8509084F84E
:1024000051804FF00008C4F85480A763A687E68780
:10241000C4F83080A4F83480A4F83680C4F8408032
:10242000C4F84480A068B0F5004F0CD015E084F8E3
:102430005180009313460A46204600F01CF9BDE87F
:10244000F88F0220FBE72068016821F0400101605D
:102450002068016821F48041016020680168490614
:1024600003D4016841F040010160E068C0B134E08C
:1024700020688168C90709D0007BA16B0870A06B38
:10248000401CA063E08F401EE08709E0FEF764FD7A
:10249000A0EB0A00A84202D3681C01D032E085B349
:1024A000E08F0028E4D11BE020688168C9070AD0CA
:1024B000C068A16B0880A06B801CA063E08F401EE9
:1024C000E0870AE01BE0FEF747FDA0EB0A00A84208
:1024D00002D3681C01D015E09DB1E08F0028E3D144
:1024E00052462946204602F02DF908B120206065A9
:1024F00084F8519084F85080606D00289FD00120AE
:102500009DE7FFE784F8519084F85080032096E718
:102510002DE9F84F984616468A460446FEF71CFDFC
:10252000814694F8510001281ED1BAF1000F73D0F2
:10253000002E71D094F85000012815D0012784F89E
:102540005070032084F8510000256565C4F830A060
:10255000A686E686A563A587E58765642564A068E9
:10256000B0F5004F03D00CE00220BDE8F88F2068E2
:10257000016821F0400101602068016841F4804158
:10258000016020680168490603D4016841F04001F8
:102590000160E068B0F5006F606803D048B3012EB9
:1025A00027D047E008B1012E1FD1206B2168008899
:1025B000C86006E020688168890709D5216B098811
:1025C000C160206B801C2063E08E401EE0860CE022
:1025D000FEF7C2FCA0EB0901414503D3B8F1FF3F70
:1025E00003D035E0B8F1000F32D0E08E0028E1D101
:1025F00023E0206B21680078087306E0206881687A
:1026000089070AD5216B09780173206B401C206370
:10261000E08E401EE0860DE02BE0FEF79DFCA0EB77
:102620000901414503D3B8F1FF3F03D010E0B8F1F1
:10263000000F0DD0E08E0028E0D14A4641462046EA
:1026400002F0AEF808B120206065A06830B109E062
:1026500084F8517084F85050032086E72068C168E0
:102660008068009084F8517004F8505F606800281A
:10267000F3D0012079E72DE9FF4F81B01D46934645
:1026800004464FF001090E9EFEF766FC074694F8DB
:1026900051006168012806D0B1F5827F3CD1A16864
:1026A000C9BB042838D10298002871D0BBF1000FB3
:1026B000FBD0002DF9D094F8500001282CD04FF019
:1026C000010A84F850A094F85100042802D0052093
:1026D00084F851004FF00008C4F85480C4F838B0B2
:1026E000E587A58702992163E586A586C4F8408021
:1026F000C4F8448020680168490603D4016841F0A9
:1027000040010160E068B0F5006F606808D0F0B388
:10271000012D49D081E0FFE7022005B0BDE8F08F30
:1027200008B1012D39D1206B21680088C860206B69
:10273000801C2063E08E401EE0862EE020688168C9
:1027400089070FD5E18E69B1B9F1010F0AD1216B6B
:102750000988C160206B801C2063E08E401EE086EB
:102760004FF0000920688168C9070CD0E18F51B192
:10277000C068A16B0880A06B801CA063E08F401E26
:10278000E0874FF00109FEF7E7FBC01B01E00BE01B
:1027900067E0B04201D3701C50D1E08E0028CDD14B
:1027A000E08F0028CAD13EE0206B216800780873D2
:1027B000206B401C2063E08E401EE0862DE02068E8
:1027C000816889070FD5E18E69B1B9F1010F0AD18E
:1027D000216B09780173206B401C2063E08E401E42
:1027E000E0864FF0000920688168C9070CD0E18FAE
:1027F00051B1C068A16B0870A06B401CA063E08F52
:10280000401EE0874FF00109FEF7A6FBC01BB04257
:1028100002D3701C01D011E086B1E08E0028CED129
:10282000E08F0028CBD13A463146204601F0B8FF70
:1028300050B12020606584F8508012E084F851A0E7
:1028400084F85080032068E7A06818B92068C16840
:102850008068009084F851A084F85080606D002852
:10286000F1D0012059E77047704710B5040003D03C
:1028700094F83D0010B107E0012010BD002084F85D
:102880003C00204600F01EF8022084F83D00211D87
:10289000206802F091F8012084F8460084F83E0098
:1028A00084F83F0084F8400084F8410084F8420036
:1028B00084F8430084F8440084F8450084F83D001F
:1028C000002010BD08B501681448814201D11448A8
:1028D00010E01348001FB1F1804F0BD0114A914214
:1028E00010D1016841F002010160006800F00200AF
:1028F000009008BD016841F001010160006800F02E
:102900000100F5E7084A9142F3D1016841F0040162
:102910000160006800F00400EAE7000000000140E8
:1029200044380240000400400008004090F83D1088
:10293000012901D001207047022180F83D10016873
:10294000CA6842F00102CA6000681149884214D086
:10295000B0F1804F11D00F4988420ED00E49884205
:102960000BD00E49884208D00D49884205D00D4948
:10297000884202D00C49884204D1816801F00701E5
:10298000062903D0016841F0010101600020704771
:10299000000001400004004000080040000C00401E
:1029A00000040140004001400018004070472DE93C
:1029B000F04104460068C66805694FF00007A907A2
:1029C00013D5B10711D5F91E0161012020772068C8
:1029D00080698007204602D0FFF7E8FF04E000F09E
:1029E0007EF8204600F07CF82777680716D5700738
:1029F00014D521686FF00400086102202077206858
:102A0000806910F4407F204602D0FFF7CFFF04E03A
:102A100000F065F8204600F063F82777280715D501
:102A2000300713D521686FF0080008610420207773
:102A30002068C0698007204602D0FFF7B7FF04E096
:102A400000F04DF8204600F04BF82777E80616D541
:102A5000F00614D521686FF0100008610820207777
:102A60002068C06910F4407F204602D0FFF79EFF27
:102A700004E000F034F8204600F032F82777E80749
:102A800008D0F00706D021686FF0010008612046E9
:102A900000F028F8280608D5300606D521686FF022
:102AA000800008612046FFF7DEFE680608D5700644
:102AB00006D521686FF040000861204600F01CF840
:102AC000A8060AD5B00608D521686FF02000086175
:102AD0002046BDE8F041FFF7C7BEBDE8F081704772
:102AE0007047000000680349884201D1FEF794BE98
:102AF00070470000001000407047704710B5044652
:102B00000068406994F84110C0F3C010212911D128
:102B100080B12068143050E8001F21F0800140E8A7
:102B20000012002AF5D1A06B08B1FDF728FF20465E
:102B300002F067F82068406994F84210C0F38010F2
:102B4000222911D180B12068143050E8001F21F0F3
:102B5000400140E80012002AF5D1E06B08B1FDF712
:102B60000EFF204602F026F8002010BD704700003E
:102B7000F8B5016804460868CA684B6910F00F0F81
:102B80004FF000055AD003F0010602F49077374366
:102B900065D0C10705D0D10503D5616C41F00101B5
:102BA0006164410705D5D90703D0616C41F002018A
:102BB0006164810705D5D90703D0616C41F0040138
:102BC0006164010707D502F02001314303D0616C35
:102BD00041F008016164616C00293BD0800604D596
:102BE000900602D5204602F01AF820684069616C10
:102BF000C0F3801001F00801014320462BD001F002
:102C0000D9FF20684069400621D52068143050E87B
:102C1000001F21F0400140E80012002AF5D1E06BCE
:102C2000A8B172490165E06BFDF7F2FE002811D0F2
:102C3000E06B016D01B0BDE8F040084783060ED59A
:102C400093060CD52046BDE8F84001F0E8BF2046C9
:102C5000FFF78CFFF8BDFFF789FF6564F8BD266BB1
:102C60002023012E7ED1C6067CD5D6067AD50868EB
:102C70004868009048694FF0020640064DD5E26B67
:102C8000106840684FF480770004000C3AD0A18DA2
:102C9000814237D9E085D069B8422DD020680C3008
:102CA00050E8001F21F4807140E80012002AF5D19D
:102CB0002068143050E8001F21F0010140E80012A4
:102CC000002AF5D12068143050E8001F21F040019F
:102CD00040E80012002AF5D184F8423025632068CC
:102CE0000C3050E8001F21F0100140E80012002ACB
:102CF000F5D1E06BFDF743FE6663A08DE18D401AD0
:102D000081B206E0A18D8142A8D1D069B842A5D197
:102D100066632046FFF7F1FEF8BDA08DE18D401AF5
:102D200081B2E08D0028F7D00029F5D020680C3062
:102D300050E8002F22F4907240E80027002FF5D1D0
:102D40002068143050E8002F22F0010240E80027EC
:102D5000002FF5D184F84230256320680C3050E80C
:102D6000002F00E006E022F0100240E80023002BD4
:102D7000F3D1CDE705062BD5150629D594F84100EA
:102D80002128C9D1A068B0F5805F01D12069B0B118
:102D9000206A411C2162216800784860E08C401E56
:102DA0000004000CE084B7D12068C16821F08001E4
:102DB000C1602068C16841F04001C160F8BD206A6F
:102DC0000088C0F308004860206A801C2062E5E7A4
:102DD0004006F3D55006F1D5CA68204622F04002DD
:102DE000CA6084F8413000F04BFAF8BDB94A0008D7
:102DF00070B5040004D094F84100002510B106E03D
:102E0000012070BD84F84050204600F023F82420B3
:102E100084F841002068C16821F40051C160204657
:102E200001F05EFF2068016921F490410161206892
:102E3000416921F02A0141612068C16841F40051D3
:102E4000C1606564202084F8410084F84200656315
:102E5000002070BD2DE9F04F87B00546142168466B
:102E6000FDF758FACB48DFF8288310380222D5F84E
:102E700000C0C84B0321DFF820B3002497060615D5
:102E80004FF04009C44553D1D3F800C04CF4002C96
:102E9000C3F800C01B6803F400230593036843F0E4
:102EA00001030360006800F0010005908DE8160042
:102EB0000820CDE9031069465846FDF743FFDFF8C7
:102EC000E0A2B6495046B846C0E90346CAF81440E5
:102ED000CAF81840CAF81C40CAF820408AE8020321
:102EE000CAF82440FDF77AFE08B1FDF746FDAC4F65
:102EF000AA48C5F838A060373038CAF8385038606A
:102F0000C7E90184C7E903467C61BC61FC613C629E
:102F100038467C62FDF762FE08B1FDF72EFDEF63D7
:102F2000002205213420BD63FEF70EFD34205FE052
:102F3000DFF870824FF0070AC4455ED1954B1B1D28
:102F4000D3F800C04CF0100CC3F800C01B6803F0AD
:102F500010030593036843F0010303600068CDE9A3
:102F6000024100F0010005904FF4C060CDE900027D
:102F7000CDF810A069465846FDF7E4FEDFF820A220
:102F800089490AF1C00A5046CAF80010C0E9017424
:102F9000C0E90346CAF81440CAF81840CAF81C40F1
:102FA000CAF82040B846CAF82440FDF717FE08B119
:102FB000FDF7E3FC7D4FC5F83CA0CAF83850C7E9DF
:102FC00003467C61BC617848FC613C6278307C627D
:102FD00087E801033846FDF701FE08B1FDF7CDFC97
:102FE000AF63002205212520BD63FEF7ADFC25203F
:102FF000FEF79CFC07B0BDE8F08FDFF8B481C44554
:1030000064D1D3F800C04CF4003CC3F800C01B6886
:1030100003F400330593036843F001030360006881
:10302000884600F0010005900420009001AA0220CB
:1030300082E8110569465846FDF784FE0820009095
:103040000220019002AA012082E801056946584643
:10305000FDF778FEDFF85481504908F160083031FF
:1030600088E882024046B146C0E90346C8F81440E9
:10307000C8F81840C8F81C40C8F82040C8F82440D8
:10308000FDF7ACFD08B1FDF778FC484E4348C5F8A4
:103090003880C0361830C8F838503060C6E901743E
:1030A000C6E903497461B461F46134623046746204
:1030B000FDF794FD08B1FDF760FCEE6300220521E9
:1030C0002620B563FEF740FC262091E7DFF8E48078
:1030D000C4458FD1D3F800C0A0464CF4802CC3F86F
:1030E00000C01B6803F480230593036843F00203C8
:1030F00003600068CDE9024100F0020005904FF442
:103100004060CDE90002CDF810A069462A48FDF7DD
:1031100019FEDFF8A8A0214950461839C0E9034636
:10312000CAF81440CAF81840CAF81C40CAF820402F
:103130008AE88202CAF82440FDF750FD08B1FDF785
:103140001CFC1E4C1548C5F838A060344838CAF835
:103150003850C4E90007C4F80880C4E90386C4F8FD
:103160001480C4F81880C4F81C80C4F8208020465D
:10317000C4F82480FDF732FD08B1FDF7FEFBEC63D7
:10318000002205212720A563FEF7DEFB27202FE77D
:10319000004C004040380240000002407060024095
:1031A0009C1000200010014040640240BC1100202F
:1031B000004400400048004000040240DC120020AF
:1031C00090F84230202B01D00220704721B11AB173
:1031D0000023036301F00ABE012070477047704767
:1031E0002DE9F843044690F84100984616460D46EE
:1031F000202802D00220BDE8F88385B17EB10020EE
:103200006064212084F84100FDF7A6FEA684814673
:10321000E684A0682027B0F5805F02D003E001209B
:10322000E9E7206910B12E4600250EE000260CE0EB
:103230008021204601F02AFEA8B9C6B116F8010B7C
:1032400021684860E08C401EE084E08C4B464FF0E3
:103250000002CDF800800028EAD14FF0400120465E
:1032600001F014FE40B184F841700320C3E735F843
:10327000020BC0F30800E3E784F841700020BAE7CE
:103280007047FEE70148FDF76FBE0000E808002028
:103290000148FDF7C6BE0000E808002038B5806B85
:1032A000002190F83D202B4B46F2A8141B68B3FB7D
:1032B000F4F3C3EBC30303EB830300933BB15B1E47
:1032C000009303681B689B0505D5009BF6E7036C1C
:1032D00043F020030364436B03B1D963836B03B1F1
:1032E000D96303681C6824F480641C604185436BC7
:1032F00003B11965836B03B1196503681C6824F079
:1033000001041C6090F83D402023602C0BD0282441
:1033100034EA02020FD080F83D3080F83E1000BF42
:10332000FDF797FF38BD80F83D3080F83E1001640E
:10333000FDF718FE38BD0268136843F001031360FF
:103340000268136843F480631360016380F83D40B2
:10335000E6E700009C00002000684169C9430906B7
:1033600001D400210161704770B5044690F83D001A
:1033700094F83E10102901D0402906D1222804D10A
:1033800021680A6822F400620A60282131EA0002FA
:103390004FF000054FF0200626D021684968090546
:1033A00005D4602803D084F83D6084F83E5025633E
:1033B00020684168090537D5416821F40061416002
:1033C000606B90F835203C49012A11D00165606B93
:1033D000FDF71EFB38B32068016821F00101016090
:1033E00084F83D60606B1CE0256384F83D10DFE7E6
:1033F000A06B0165A06BFDF70BFBA0B120684169D4
:10340000C943490605D40069616A0870606A401CB6
:1034100060622068016821F00101016084F83D606C
:10342000A06B016D884710E094F83D10602910D022
:103430004169C943490605D40069616A0870606A38
:10344000401C60622046FDF704FF206CC1071CD1C0
:1034500015E084F83D6025644169C943490605D4F7
:103460000069616A0870606A401C606220680168D7
:1034700021F0010101602046FDF774FDE5E78107B9
:1034800003D4410701D4000704D52068416821F422
:10349000E061416094F83D00216C49070BD5282874
:1034A00009D10648E062256384F83D6084F83E5007
:1034B0002046FDF793FF70BD9D3200080000FFFF1E
:1034C00001684A69D24352050FD46FF480624A61A1
:1034D000002140F8301F202242738173026942F0BC
:1034E000040202610173012070470020704710B58B
:1034F000C26A438D0168042B06D0438D032B08D08C
:10350000438D022B1DD012E04A6822F480624A608B
:103510000CE04B6823F480634B60042A06D0022A37
:1035200004D001680A6822F480620A6001680969AF
:10353000426A1170416A491C4162418D491E4185B0
:1035400010BD012A34D0102A32D0042A34D0022AE5
:1035500032D00B6843F400730B6001680969436A59
:103560001970416A491C4162438D5B1E43850368A3
:103570001B690B70416A491C4162418D491E41859E
:1035800001684B6823F440734B60202180F83D10A4
:1035900090F83E300021402B80F83E1010D0082AD1
:1035A00002D0202A00D012210163FDF718FF10BDC0
:1035B0000B6823F48063CFE70B6843F48063CBE7A9
:1035C0000163FDF70EFF10BD38B590F83D102229BC
:1035D00010D1C36A418D03290DD901680969426A76
:1035E0001170416A491C4162418D491E4185418DDE
:1035F000032906D038BDC26A022A02D0012906D0AA
:1036000029B10068416821F48061416038BD2A4ACF
:1036100046F2A81400211268B2FBF4F202EB820217
:10362000009202682024009D6D1E009526D015682A
:10363000AD05F8D4156825F48065156002685568F5
:1036400025F4E065556002681269456A2A70426A8D
:10365000521C4262428D521E428580F83D4090F8D5
:103660003E2080F83E10402A21D0082B02D0202B8B
:1036700000D012210163FDF7B2FE38BD036C43F0A8
:1036800020030364536823F4E06353600268126903
:10369000436A1A70426A521C4262428D521E42852F
:1036A00080F83D4080F83E10FDF7D3FD38BD016342
:1036B000FDF797FE38BD00009C00002010B5C26ADF
:1036C00090F83D1021290BD1418D51B1416A02681A
:1036D00009781161416A491C4162418D491E418549
:1036E00010BD20230021082A13D0202A11D012F562
:1036F000803F0ED00268546824F4E06454601122C4
:10370000026380F83E1080F83D3000BFFDF768FE90
:1037100010BD0268546824F4E064546002681468C0
:1037200044F400741460016380F83D3090F83E204A
:1037300080F83E10402AE9D1FDF754FE10BD00008C
:1037400010B590F83D1090F83E30C26A048DB4B1C7
:10375000212903D0402B11D122290FD1418DE1B372
:1037600090F83E10402942D0416A02680978116100
:10377000416A491C4162418D491E418510BD212984
:10378000E8D120230021082A13D0202A11D012F5D5
:10379000803F0ED00268546824F4E0645460112223
:1037A000026380F83E1080F83D3000BFFDF718FE40
:1037B00010BD0268546824F4E06454600268146820
:1037C00044F400741460016380F83D3090F83E20AA
:1037D00080F83E10402AE9D100E002E0FDF702FE49
:1037E00010BD0068416821F48061416010BDBDE8F2
:1037F000104000F0D3B8000078B590F83E50C26A8F
:10380000036B90F83D6000240168222E7AD1066D8A
:103810000EB9402D76D0056D1DB90569B5F5404F3F
:1038200009D0458D05B3468D384D012E0ED0438D00
:10383000022B3AD05DE04A698A6900920A6842F434
:1038400080720A60016D491C016578BDAA4213D1DE
:103850000A6822F480620A6001684A68120503D58A
:103860000A6822F4806216E04A698A6900920A684E
:1038700042F400720A6039E0082A10D0202A0ED0E3
:10388000122B0AD0042A03D0022A01D0102AE7D131
:103890000A6842F480620A6024E0012AE0D00A68E3
:1038A00022F480620A600168DEE7042A21D0022A3D
:1038B0001FD0102A1DD00B6823F480630B600168B1
:1038C0000B6843F400630B6001684B681B0509D566
:1038D000AA4212D0012A10D0082A0ED0102A0CD0E9
:1038E000202A0AD001684A6989690091046578BD77
:1038F00008E00B6843F48063E5E74A6842F48052CD
:103900004A60EFE7486988690090F0E70000FFFF30
:1039100090F83E10402910D00169B1F5804F19D0C0
:10392000016DA9B3016D012910D1416C5FF0F10265
:1039300001F4407142EAD11106E0016D0029416CA9
:1039400005D0C9B241F0010100680161704701F082
:10395000FE01F9E790F83D102129416C09D0C9B268
:1039600041F0010102681161416B29B1C96B49B98C
:1039700002E001F0FE01F5E7816B0029E6D0C96B9A
:103980000029E3D00068416841F40061416070475C
:10399000FFE7416CF02201F44071CBE710B590F8DD
:1039A0003D10026D4AB1026D012A14D0026D022A47
:1039B00016D0BDE81040FFF7CFBCC16C0129816C67
:1039C00002D0C1F3072108E00268C9B21161016D9C
:1039D000891C016510BD816CC9B20268116123E0C8
:1039E00022291CD0428D0AB1212920D0428D002AE3
:1039F000F0D12129EED101684A6822F4E0624A60E0
:103A000001680A6842F400720A6000210163202202
:103A100080F83D2080F83E10FDF7E4FC10BD016801
:103A20000A6842F480720A60016D491CD1E7416A5C
:103A3000026809781161416A491C4162418D491E41
:103A4000418510BD2DE9F84F0446006889460B9D5D
:103A500001689846174641F480610160206801685A
:103A600041F48071016000954FF0011B002259461E
:103A700020460A9B00F0FEF94FF4007A40B120681E
:103A80000068C00501D5C4F840A00320BDE8F88F48
:103A9000216809F0FE0008612B46284920460A9A51
:103AA00000F030FAF0BB20684169806900902A4636
:103AB00020460A9900F0BCFA40B1206C04283AD1A3
:103AC0002068016841F40071016034E0FEB2B8F191
:103AD000010F09D02168380A08612A4620460A9950
:103AE00000F0A6FA0028E8D1206806612A462046A0
:103AF0000A9900F09DFA0028DFD12068016841F49E
:103B00008071016000950022594620460A9B00F012
:103B1000B1F90028B3D1216809F0FF0040F001009D
:103B2000086100E007E02B46044920460A9A00F0AD
:103B3000E9F90028AAD00120A8E70000020001004E
:103B40002DE9F843044600680D46DDE90897016851
:103B50009846164641F4807101604B4600224FF0B2
:103B600001112046009700F085F948B120680068EF
:103B7000C00502D54FF4007020640320BDE8F8832F
:103B8000216805F0FE0008613B464A46154920467B
:103B900000F0B8F988B920684169806900903A4618
:103BA0004946204600F044FA48B1206C042804D16C
:103BB0002068016841F4007101600120DEE7F5B280
:103BC000B8F1010F09D02168300A08613A46494628
:103BD000204600F02DFA0028E7D12068056100207A
:103BE000CCE700000200010038B50C4690F83D20FB
:103BF00000212825954302680B4605D0516991693B
:103C0000009180F83C3038BD556825F480655560DA
:103C1000E243540700D50121120601D5828900E054
:103C2000028B80F83C3092B2FDF79DF938BD000060
:103C30002DE9F04190F83D300446C26A002120266B
:103C40001E4F00686FF48065082A01D0202A01D138
:103C5000282B04D0212B17D04561BDE8F081E76205
:103C6000426822F4E0624260206845612068026890
:103C700022F480620260216384F83D6084F83E1083
:103C80002046FDF7ABFBE8E7E7622122226384F8D8
:103C90003D6084F83E10416821F4E0614160206895
:103CA00045612068016821F4806101602046FFF7CA
:103CB00053FB2046FDF779FDCFE700000000FFFF32
:103CC000F8B590F83D6004460068416821F4E06171
:103CD00041602068002541690091016841F00101BF
:103CE00001602068016821F48061016020684168FA
:103CF000090520D5474F222E48D02A2E46D0616B89
:103D0000096849686185618D19B1216C41F0040130
:103D10002164416821F400614160606BFCF78AFE18
:103D2000012808D0606B0765606BFCF771FE10B16D
:103D3000606B016D8847608D08B320684169C94395
:103D4000490708D40069616A0870606A401C6062B3
:103D5000608D401E608520684169C943490608D4CA
:103D60000069616A0870606A401C6062608D401E74
:103D70006085608D18B1206C40F004002064206CD8
:103D800000B32046BDE8F840FFF7EEBAA16B096822
:103D900049686185618D19B1216C41F0040121648C
:103DA000416821F400614160A06BFCF743FE0128EB
:103DB000C1D0A06B0765A06BFCF72AFE0028BAD023
:103DC000A06BB6E72A2E06D12563282084F83D0093
:103DD0002046FDF7E9FC94F83D10202028290DD05D
:103DE000216B222901D0222E07D1256384F83D00C2
:103DF00084F83E502046FDF7D7FCF8BD0649E16245
:103E0000256384F83D0084F83E502046FDF7E6FA2D
:103E1000F8BD00009D3200080000FFFF70B5164697
:103E20000D4604461EE02046FFF74AFB08B101207C
:103E300070BD681C16D0FDF78FF8801BA84200D813
:103E400085B920684069C04340070BD5002044F87D
:103E5000300F20216173A073216941F0200121619D
:103E60002073E4E720684069C0434007DBD40020AA
:103E700070BD00002DE9F047984617460D460446F0
:103E8000C1F30746DDF820902AE000BFB8F1FF3FFC
:103E900026D0FDF761F8A0EB0901414502D8B8F141
:103EA000000F1DD12068012E16D0806925EA000080
:103EB0000004000C12D00020B84211D1002044F8B8
:103EC000300F20216173A073216941F0200121612D
:103ED00020730120BDE8F0874069E7E70120EBE7A8
:103EE0002068012E0AD0806925EA00000004000C39
:103EF00006D00020B842C9D00020EBE74069F3E7C4
:103F00000120F7E72DE9F047984616460D4604468E
:103F10004FF000094FF0200AC1F3074723E0206863
:103F20004069C043400515D42068016841F4007120
:103F3000016021686FF480604861C4F8309084F8B3
:103F40003DA084F83E90216C41F00401216484F886
:103F50003C9021E0701C06D0FCF7FEFFA0EB0800AF
:103F6000B04203D816B1012F1FD021E02068012FE5
:103F700015D0806925EA00000004000C18D000BFAD
:103F800044F8309F84F80DA084F80E90216941F028
:103F90002001216184F80C900120BDE8F087406980
:103FA00025EA00000004000CEAD12068406901E025
:103FB0002068806925EA00000004000CAFD1ECE71E
:103FC0002DE9F041002590460E460446202728E0C2
:103FD0004069C043C0060CD454F8301B6FF0100089
:103FE000486144F810596777A577206A20622577E1
:103FF00014E0FCF7B1FFA0EB0800B04200D886B98E
:1040000020684069C04340060BD544F8305F6773B1
:10401000A573206940F02000206125730120BDE8D0
:10402000F08120684169C9434906D1D40020F6E7F0
:1040300070B516460D4604461EE02046FFF740FACE
:1040400008B1012070BD681C16D0FCF785FF801BED
:10405000A84200D885B920684069C04300060BD546
:10406000002044F8300F20216173A073216941F0D2
:10407000200121612073E4E720684069C043000605
:10408000DBD4002070BD0000314808B5016841F460
:1040900080010160016801F480010091016841F430
:1040A000001101600068002200F40010009005215A
:1040B0000C20FDF749FC0C20FDF738FC00220521FF
:1040C0000D20FDF741FC0D20FDF730FC00220521FD
:1040D0000E20FDF739FC0E20FDF728FC00220521FB
:1040E0000F20FDF731FC0F20FDF720FC00220521F9
:1040F0001020FDF729FC1020FDF718FC00220521F7
:104100001120FDF721FC1120FDF710FC00220521F4
:104110003920FDF719FC3920FDF708FC00220521A4
:104120003A20FDF711FC3A20FDF700FC00220521A2
:104130004520FDF709FC4520FDF7F8FB002205218D
:104140004620FDF701FCBDE808404620FDF7EEBB28
:104150003038024010B504F04FFD04F03DFD002260
:104160004FF48171042006F007F9124C0022082157
:104170002061102006F000F90F49104A0860002164
:104180000F4806F07BFA0D4A2060243200210D48CA
:1041900006F074FA094A6060483200210A4806F0C5
:1041A0006DFA064AA0606C320021084806F066FAF3
:1041B000E06010BD3400002084000020E8CF00083B
:1041C000C948000881B9000835B60008C97C000854
:1041D0002DE9F04387B014216846FCF79BF8494865
:1041E0000024016841F004010160016801F004014C
:1041F0000591016841F080010160016801F08001D2
:104200000591016841F001010160016801F00101BF
:104210000591016841F002010160016801F00201AD
:104220000591016841F0080101600068012500F076
:104230000800059003200090CDE90154DFF8C88004
:10424000694640460394FCF77DFD0022012140466B
:10425000FCF77DFE012202214046FCF778FE042097
:104260008DE8310069464046FCF76CFD4FF4704024
:10427000CDE90004DFF8949002946946484603941F
:10428000FCF760FD4020CDE90004029469464046F9
:104290000394FCF757FDEE030096CDE901541C4F43
:1042A000694638460394FCF74DFD002231463846F6
:1042B000FCF74DFE4FF4E0560096CDE901546946F7
:1042C00040460394FCF73EFD002231464046FCF791
:1042D0003EFE80200090CDE9015469464846039493
:1042E000FCF730FD012280214846FCF730FE7820A3
:1042F0008DE8310069464846FCF724FD07B0BDE86B
:10430000F083000030380240000802400004024000
:10431000000002400D4810B50B4901600C49416096
:1043200000214FF480428160C0E903124161816144
:10433000C1610162FCF78EFF002803D0BDE8104088
:10434000FCF71BBB10BD000000540040E808002033
:10435000A0860100094810B50749016004214160A9
:104360004FF4FA618160FDF721FA002803D0BDE81F
:104370001040FCF702BB10BD003000403C0900209B
:10438000104810B50E4901604FF482714160002160
:1043900081600122C160C0E90412520282613822A8
:1043A000C0E9072141628162FDF75EFF08B1FCF7B9
:1043B000E4FA0122BDE8104010210348FCF7C7BD14
:1043C00000300140CC090020000002400C4810B52C
:1043D0000A4901604FF4E1314160002181600C2203
:1043E000C160C0E904128161C161FEF701FD0028CE
:1043F00003D0BDE81040FCF7C0BA10BD004C00402F
:104400007C0F00200C4810B50A4901604FF4E131DF
:104410004160002181600C22C160C0E90412816109
:10442000C161FEF7E5FC002803D0BDE81040FCF7B1
:10443000A4BA10BD00100140C40F00200C4810B5F4
:104440000A4901604FF4E1314160002181600C2292
:10445000C160C0E904128161C161FEF7C9FC002896
:1044600003D0BDE81040FCF788BA10BD00440040FE
:104470000C1000200C4810B50A4901604FF4E131DE
:104480004160002181600C22C160C0E90412816199
:10449000C161FEF7ADFC002803D0BDE81040FCF779
:1044A0006CBA10BD0048004054100020FEE7FEE743
:1044B000014890ED020A704700000020014880ED9D
:1044C000010A70470000002008444069704700005E
:1044D0000148FDF743BD000048090020D0F88000E6
:1044E00070470A688260D1E901231A43D1E9033198
:1044F0000B43C1681A436FF30B011143C1600020E5
:1045000070470968C0F880100020704710B585B06A
:1045100004460D20CDE900104020029000200390B9
:104520004FF48060049069462046FFF7DAFF41F2BD
:1045300088320D21204600F01DF805B010BD0000A6
:1045400010B585B0044600210C20CDE900104020B4
:10455000CDE902010001049069462046FFF7C1FF42
:10456000034A0C21204600F005F805B010BD0000FC
:1045700000E1F505454B10B51B684FF4FA54B3FB49
:10458000F4F353435B1E02D24FF0004010BD426B68
:1045900012F0450FF6D01205F4D4426B520703D542
:1045A00004218163084610BD426BD20702D001216D
:1045B000816305E0C52282630269D2B28A4201D0DA
:1045C000012010BD0021FFF77FFF3149084201D1D2
:1045D000002010BD002802DA4FF0007010BD41002D
:1045E00001D5402010BD810001D5802010BDC10043
:1045F00002D54FF4807010BD010102D54FF4007058
:1046000010BD410102D54FF4806010BDC10102D53B
:104610004FF4006010BD010202D54FF4805010BD70
:10462000410202D54FF4005010BD810202D54FF473
:10463000804010BDC10202D54FF4004010BD4103BF
:1046400002D54FF4003010BD810302D54FF4802015
:1046500010BDC10302D54FF4002010BD010402D5E6
:104660004FF4801010BD410402D54FF4001010BD6E
:10467000810402D54FF4800010BD000702D54FF42D
:10468000000010BD4FF4803010BD00009C000020E1
:1046900008E0FFFD10B5846B40F23A502168886352
:1046A0002046FDF745FC012184F8341000212163E8
:1046B000062801D0052805D12068FFF741FFA16B2E
:1046C0000843A063A06B0028204602D0FDF72FFC12
:1046D00010BDFDF72BFC10BD10B5846B40F23A50B5
:1046E000216888632046FDF723FC012184F83410FB
:1046F00000212163062801D0052805D12068FFF795
:104700001FFFA16B0843A063A06B0028204602D0C6
:10471000FDF70DFC10BDFDF709FC10BD0148FDF7CC
:1047200025BD0000CC0900200148FDF71FBD000099
:10473000240A002010B5806B0021C187C186FDF7D7
:1047400013FD10BDF8B5044640684FF482739842DB
:1047500021D1A0684FF48065B0F5004F01D0A84288
:104760000AD12068066826F0400606606068984214
:1047700011D1A068A8420ED000920B4600228021E1
:10478000204600F043F8002804D0606D40F020007F
:1047900060650320F8BD00920B4600220121EFE77F
:1047A000F8B515460E460B4600920446012202213A
:1047B00000F02CF8A0B9134813490068B0FBF1F0E1
:1047C0004FF47A71484300906068B0F5827F0DD154
:1047D0003346002280212046009500F017F870B182
:1047E000606D40F0200060650320F8BD009830B196
:1047F000401E009020688068C0430006F6D5002067
:10480000F8BD00009C00002000366E012DE9F84341
:104810001E46914688460446089DFCF79DFB401BBA
:10482000351AFCF799FB074626480068C0F3CB30E1
:1048300068430AE0701C09D0FCF78EFBC01BA8423D
:104840000FD275B10098B8B3401E009020688168FF
:1048500038EA010033D000214945EBD10020BDE802
:10486000F8832068416821F0E00141606068B0F59C
:10487000827F0BD1A068B0F5004F02D0B0F5806FF9
:1048800004D12068016821F040010160A06AB0F500
:10489000005F09D12068016821F40051016020689F
:1048A000016841F400510160012084F851000020AA
:1048B00084F850000320D2E7FFE70025C6E7012176
:1048C000CAE700009C0000204FF4FA740448FCF78B
:1048D0009CFF04F0C5F8204605F0DAFCF6E700007E
:1048E0003C09002010B54FF0E020006908F082F983
:1048F000012803D0BDE8104007F09EBC10BD0000A9
:1049000030B593B030216846FBF704FD14210CA8A4
:10491000FBF700FD1F480025016841F08051016050
:10492000006800F0805011901B48016841F48041FC
:1049300001600068022400F480401190092000907A
:104940004FF4803001900120CDE9050480050790E7
:1049500004200890A820CDE9090407200B906846A0
:10496000FDF72EF908B172B6FEE70CA90F2081E819
:1049700031004FF4A0500F904FF48050109005215B
:104980000CA8FDF713F8002801D072B6FEE713B0AB
:1049900030BD00004038024000700040024801680D
:1049A00041F470010160704788ED00E00148FDF7B7
:1049B000FEBF00009C130020F0B50268274B284D75
:1049C000284E294F294C4FF0804C984209D0604521
:1049D00007D0A84205D0B04203D0B84201D0A042CF
:1049E00004D122F0700E4A6842EA0E0298421BD0AF
:1049F000604519D0A84217D0B04215D0B84213D0A4
:104A0000A04211D01A4DA8420ED01A4DA8420BD088
:104A1000194DA84208D0194DA84205D0184DA842FA
:104A200002D0184DA84203D122F44075CA682A4327
:104A30004D6922F080022A438D68C5620D68856247
:104A4000984201D0A04201D109690163016841F097
:104A500004010160012141610260F0BD00000140DC
:104A60000004004000080040000C00400004014029
:104A7000004001400044014000480140001800404F
:104A8000001C004000200040094808B5006801688B
:104A9000C943C90607D4016840680090054800680A
:104AA00008B105F0C1FDBDE808400148FEF760B857
:104AB0007C0F00205000002010B5806B0021C185C4
:104AC000FEF754F810BD70B5846B2068406994F807
:104AD0004110C0F3C0100025212904D118B1E5848C
:104AE000204600F08EF82068406994F84210C0F328
:104AF0008010222904D118B1E585204600F05AF82B
:104B0000606C40F0100060642046FEF72FF870BD26
:104B100010B50146806B096809684FF00002C905AD
:104B20002ED4C28501680C3151E8003F23F4807314
:104B300041E80034002CF5D10168143151E8003F00
:104B400023F0010341E80034002CF5D10168143151
:104B500051E8003F23F0400341E80034002CF5D138
:104B6000202180F84210016B012909D101680C3124
:104B700051E8003F23F0100341E80034002CF5D148
:104B80004263016B012902D0FEF728FB10BD818D25
:104B9000FDF7B3FF10BD10B5806B01214163016BC0
:104BA000012902D0FEF71BFB10BD818D4908FDF7DE
:104BB000A4FF10BD01680C3151E8002F22F490725F
:104BC00041E80023002BF5D10168143151E8002F92
:104BD00022F0010241E80023002BF5D1016B0129ED
:104BE00009D101680C3151E8002F22F0100241E890
:104BF0000023002BF5D1202180F842100021016311
:104C0000704701680C3151E8002F22F0C00241E8E2
:104C10000023002BF5D1202180F84110704708B502
:104C200090F84210222901D0022008BD82684FF47A
:104C300080539A4201D1016921B1816A9A421BD005
:104C40004AB10AE00268816A5268C2F308020A8027
:104C5000816A891C08E0026972B10268526802F038
:104C60007F020A70816A491C8162C18D491E090454
:104C7000090CC18503D01BE002685268F1E70168A6
:104C8000CA6822F02002CA600168CA6822F48072F1
:104C9000CA6001684A6922F001024A61202180F855
:104CA000421000214163026B012A03D0FEF796FAFD
:104CB000002008BD016301680C3151E8002F22F08B
:104CC000100241E80023002BF5D101680A68D206E2
:104CD00002D50A6849680091818DFDF70EFFE7E76C
:104CE00070B5044600680169E26821F4405111433F
:104CF00001612169A068E2690843616911430843C1
:104D00002168CA6849F20C639A430243CA6020686A
:104D10004169A26921F44071114341613149206820
:104D2000884202D03049884202D1FCF709FF01E0F5
:104D3000FCF7F6FEE2690023192164253226B2F55C
:104D4000004F626828D0A0FB0101930F9200FBF78F
:104D500097FA0146B0FBF5F06FF01802504301EBF3
:104D6000800006EB0010B0FBF5F000F0F002B1FBA4
:104D7000F5F002EB0012B1FBF5F06FF018035843A9
:104D800001EB800006EB0010B0FBF5F000F00F0027
:104D900021681044886070BDA0FB010192185B413E
:104DA000FBF76EFA0146B0FBF5F00201B1FBF5F03E
:104DB0006FF01803584301EB800006EBC000B0FB16
:104DC000F5F000F0F80002EB4002B1FBF5F05843BB
:104DD00001EB800006EBC000B0FBF5F000F007002F
:104DE000D6E70000001001400014014038B5816290
:104DF00004468285002013466064222284F8422003
:104E0000E56B1F4AEA63E56B1E4A2A64E56B1E4A9E
:104E1000EA64E26B10650A462168E06B091DFBF746
:104E200047FF30B110206064202084F84200012048
:104E300038BD2068016840680090206948B120684A
:104E40000C3050E8001F41F4807140E80012002A45
:104E5000F5D12068143050E8001F41F0010140E80E
:104E60000012002AF5D12068143050E8001F41F0EC
:104E7000400140E80012002AF5D1002038BD0000B2
:104E8000114B0008974B0008C74A00082DE9F8436A
:104E9000984617460D460446089E24E0701C22D012
:104EA000FCF75AF8A0EB0800B0421AD8CEB120683F
:104EB000C168490717D5802D15D0402D13D0016842
:104EC000C94309070FD401680025406800902046B7
:104ED000FFF770FE0820606484F840500120BDE8B0
:104EE000F8830320FBE72068006835EA000004D05F
:104EF0000020B842D2D00020F1E70120F9E70000FD
:104F000030B51D48C3B000680168C943C9062DD437
:104F100001680025406842901748FDF7EFFD1748EB
:104F2000006840684195C0F580600404240C0AD0F4
:104F3000B4F5807F07D8224611496846FBF7D1F9BE
:104F4000ADF8004101E0ADF800510E48006838B1FD
:104F5000BDF8001121B1002341AA694607F020FBEA
:104F60004FF4806206490448FEF72AF943B002482C
:104F7000BDE83040FDF7FCBDC40F00205C110020EF
:104F80007C0A0020440000200148FDF7F1BD00002C
:104F90000C1000200148FDF7EBBD0000541000206C
:104FA000FEE700000FB4054B10B503A9044A0298B0
:104FB00000F0E6F810BC5DF814FB0000F186000874
:104FC0002001002020F00040C0F1FF40C00F7047DA
:104FD00020F00040C0F1FF40C00F70470907090EE4
:104FE000002804DB00F1E02080F80014704700F096
:104FF0000F0000F1E02080F8141D704702E008C89F
:10500000121F08C1002AFAD170477047002001E042
:1050100001C1121F002AFBD1704700002DE9FF5F7C
:10502000DDE90220010DDDF838B0024318D044F666
:105030001050A1F2FF3141430D140F98012820D0E8
:10504000A5EB0B00401C5FEA000A4FF00004474E3E
:10505000DFF81C91A046504616D5CAF1000728E09B
:105060000F98012443A2012808D0002100980F9B2B
:10507000C0E90021C0E90243BDE8FF9F6FEA0B01D0
:10508000F4E7CBF10000DEE7074612E0F80707D0AF
:105090002246334640464946FBF736FA8046894663
:1050A0002246334610461946FBF72EFA04460E46B2
:1050B0007F10002FEAD1DDE90201BAF1000F42466C
:1050C0004B4602DAFBF720FA01E0FBF78FFA0446C1
:1050D0000E460022284BFBF711FB03D84FF0FF30A0
:1050E000014607E00022254B20463146FBF765F9D3
:1050F000FBF7EBFA102409E0002C0ADB0A2200235C
:10510000FBF7BEF8019B30321A55641E50EA0102CB
:10511000F2D1641C019AC4F1110314440F9A012ABC
:1051200003D0012208430DD10AE0084304D0002037
:105130004FF0110B0F9080E7A3EB0B056D1E0DE0F8
:105140005B4504DD4FF0000205F1010504E003DAE0
:105150004FF00002A5F10105002AECD000980F994C
:10516000C0E90231C0E9004586E7000000002440A4
:105170000000F03F300000000000F0430000E03F7E
:105180002DE9FF4F95B09B468946064600250FE264
:10519000252877D100242746F84A0121059400E00C
:1051A000044316F8013F203B01FA03F01042F7D107
:1051B00030782A2811D06FF02F033078A0F1300218
:1051C000092A16D8059A44F0020402EB820203EB86
:1051D00042021044761C0590EFE759F8042B059223
:1051E000002A03DA504244F40054059044F00204CB
:1051F000761C30782E2816D116F8010F44F00404DE
:105200002A280DD06FF02F023078A0F13003092B3F
:1052100009D807EB870302EB4303C718761CF3E7B3
:1052200059F8047B761C30786C280FD006DC4C28AB
:1052300017D068280DD06A2814D104E0742810D043
:105240007A280FD10DE044F400140AE044F48014ED
:1052500001E044F440147278824202D104F58014D3
:10526000761C761C307866280BD013DC582877D053
:1052700009DC002875D04528F6D04628F4D0472808
:105280001AD19DE118E0632835D0642879D06528CB
:1052900012D195E1702873D008DC6728F1D0692815
:1052A0006FD06E280DD06F2806D1B5E073282CD0B2
:1052B000752875D0782874D05A46179990476D1C78
:1052C00075E1C4F30250022809D003280DD0D9F8A3
:1052D000001004280DD00D6009F1040967E1D9F828
:1052E0000010EA17C1E90052F6E7D9F800100D8066
:1052F000F2E70D70F0E719F8041B8DF8001000209C
:105300008DF80100EA46012003E059F804AB4FF0A4
:10531000FF3061074FF0000102D40DE008F10101F8
:105320008846B9420FDA8045F8DB1AF808100029E0
:10533000F4D108E008F1010188468142FADB1AF84D
:1053400008100029F6D105985B46A0EB0807214616
:105350003846179A00F094FA284400EB080507E055
:105360004DE029E10DE01AF8010B5A4617999047D4
:10537000B8F10108F7D25B4621463846179A13E187
:1053800042E00A220092C4F302524FF0000A022ABD
:1053900008D059F804CB032A4FEAEC710AD00DE08B
:1053A00029E02AE009F1070121F00702F2E802C131
:1053B000914609E00FFA8CFC4FEAEC71042A03D104
:1053C0004FFA8CFC4FEAEC71002907DA0A460021FB
:1053D000DCF1000C61EB02012D2202E0220504D574
:1053E0002B228DF80420012203E0E20701D02022C5
:1053F000F7E7904659E00A2102E010220DE0102163
:105400004FF0000A00910BE010224FF0000A44F028
:1054100004040827009203E008224FF0000A0092DB
:10542000C4F30252022A05D059F804CB0021032A02
:1054300008D009E009F1070121F00702F2E802C1F2
:10544000914605E01FFA8CFC042A01D10CF0FF0CF8
:105450004FF00008220728D5702806D0009B83F063
:10546000100353EA0A0305D00EE040228DF8042011
:10547000012208E05CEA010206D030228DF8042007
:105480008DF8050002229046009B83F0080353EA42
:105490000A030AD15CEA010201D1620705D5302274
:1054A0008DF804204FF001087F1E582804D034A046
:1054B00003900EA802900DE036A0F9E7534660462F
:1054C000009AFAF7DDFE84460398825C0298401E3B
:1054D000029002705CEA0100F0D1029806A9081A55
:1054E00000F1200A600702D524F4803400E001278F
:1054F000574502DDA7EB0A0000E0002000EB0A019F
:10550000009005984144401A0590E00306D45B469C
:105510002146179A059800F0B3F90544002706E0E4
:1055200001A85A46C05D179990476D1C7F1C4745DE
:10553000F6DBE0030CD55B462146179A059800F090
:105540009FF9054404E030205A46179990476D1C96
:105550000099481E00900029F5DC08E002980299A5
:105560005A460078491C0291179990476D1CBAF170
:105570000001AAF1010AF1DC65E10000092801003F
:1055800030313233343536373839616263646566B9
:10559000000000003031323334353637383941427B
:1055A000434445460000000000F058F90544761CCD
:1055B000307800287FF4ECAD19B02846BDE8F08FB4
:1055C000620700D4062709F1070222F0070CFCE865
:1055D0000223E14603F000485FEA080C02D00FF214
:1055E000702C0DE05FEA045C02D50FF2682C07E036
:1055F0005FEAC47C02D00FF2602C01E0AFF2700CC5
:105600004FF0FF3823F00043CDF850C065280CD090
:1056100006DC452809D046281DD047283DD13DE06D
:10562000662818D067287ED138E00021112F01DBD1
:10563000112000E0781CCDE9000106A90EA8FFF7B3
:10564000EDFCDDE90F010E9A03910021009207F1B4
:10565000010A04914DE04FF000400097CDE90110A0
:1056600006A90EA8FFF7DAFCDDE90F0203920E9BF4
:1056700011990022DDF80CA00093049211B9791C55
:1056800000EB010AB7EB0A0004D4C0F1FF3007F1C8
:10569000010A0490AAEB0700019044E0012F00DA10
:1056A00001270021112F01DD112000E03846CDE94E
:1056B000000106A90EA8FFF7B1FCDDE90F010E9A63
:1056C0000391002104910092BA4621070CD403995A
:1056D000514500DA8A46BAF1010F05DD009AAAF1B8
:1056E0000101515C302908D0B84202DA10F1040FF0
:1056F00006DA0121CDE9011015E0AAF10101E9E77F
:10570000002805DC049901440491AAEB000102E0A1
:10571000411C514500DD8A460499401A401C019005
:105720004FF000400290200704D40198504501DB5F
:10573000CDF8048000208DF84F0002980DF14F073E
:10574000B0F1004F25D02B200E9002984FF00208A8
:1057500000280CDA404202902D200E9007E00A212A
:105760000298FAF7F5FD3031029007F8011DB8F103
:105770000001A8F10108F2DC02980028EFD1791E9F
:105780000E980870307800F0200040F0450007F8CF
:10579000020D12A8C01B00F107081498007800B190
:1057A000012000EB0A01019801EBE07105984144EA
:1057B000401A401E0590E00306D45B462146179A26
:1057C000059800F05DF805441498007818B15A4621
:1057D000179990476D1CE00324D55B462146179A24
:1057E000059800F04DF805441CE00498002807DBFC
:1057F000DDE90301884203DD0098405C179901E070
:10580000179930205A469047049805F10105401C2D
:1058100004900198401E019004D12E205A461799F9
:1058200090476D1CBAF10001AAF1010ADDDC05E028
:1058300017F8010B5A46179990476D1CB8F10001F3
:10584000A8F10108F4DC5B462146179A0598ABE6FF
:105850002D0000002B000000200000002DE9F04189
:10586000044600251E461746880404D405E0394640
:105870002020B0476D1C641EF9D52846BDE8F08194
:105880002DE9F041044600251E469046C80301D587
:10589000302700E02027880404D505E0414638463B
:1058A000B0476D1C641EF9D52846BDE8F0810000A4
:1058B0007CB50C4D8DF800000446ADF80210019245
:1058C000686A28B100231A46694604F081FD10B1C8
:1058D0006FF001007CBD022040EA0420A880002077
:1058E0007CBD00006000002010B5094C00220221A0
:1058F0002046FBF72CFB0A20FBF712FA01220221BB
:105900002046FBF724FBBDE810400A20FBF708BA4D
:10591000000802403EB52AA10446D1E90001CDE9C4
:105920000101FFF7E1FF0621204606F0E1FB6420BC
:10593000FBF7F6F901236A460021204600F0BAF889
:105940009DF80010082905D01FA0FFF72BFB4FF092
:10595000FF303EBD082301AA0221204600F07CF959
:10596000234D04212846FBF7E5FA014621A0FFF765
:1059700019FB012211462846FBF7E9FA0520FBF73F
:10598000CFF904212846FBF7D5FA014623A0FFF7FB
:1059900009FB06F033FB38B1204605F029FB014630
:1059A00029A0FFF7FFFA02E030A0FFF7FBFA9DF80D
:1059B000001038A0FFF7F6FA3D49002008703EBD00
:1059C000120B1412073000105B4144535D20455206
:1059D000524F523A2044657669636520494420302D
:1059E000782530325820213D20307830380D0A009B
:1059F000000802405B4144535D20496E69743A20BF
:105A0000535441525420484947482C204452445949
:105A10002073746174653D25640D0A005B41445335
:105A20005D20496E69743A20616674657220646510
:105A30006C61792C20445244592073746174653D23
:105A400025640D0A000000005B4144535D20496E4F
:105A500069743A2064756D6D7920726561642063A4
:105A60006F64653D256C640D0A0000005B41445382
:105A70005D20496E69743A2064756D6D79205761B7
:105A80006974445244592054494D454F5554210D91
:105A90000A0000005B4144535D20496E6974204F49
:105AA0004B2C2049443D3078253032580D0A0000F7
:105AB000880000202DE9F843804641F020008DF851
:105AC0000000581E154D17468DF801001C46002297
:105AD00010212846FBF73BFA00BF012000BF401C05
:105AE0006428FBD34FF0FF36334602226946404616
:105AF000FCF70EFD00BF00BF022000BF401C322893
:105B0000FBD33346224639464046FCF757FC012278
:105B100010212846FBF71BFABDE8F883000002407D
:105B200010B504462DED028B82B0012905D99FEDF9
:105B3000260A02B0BDEC028B10BD244801236A4640
:105B4000017001EB41002249085C8DF80000022140
:105B5000204600F081F80120FBF7E2F80021204602
:105B600002F010F9204600F035F8B0EE408A01212D
:105B7000204602F007F9204600F02CF8F0EE408AAB
:105B80000021204602F0FEF818EE100AFFF720FA76
:105B900020B918EE900AFFF71BFA50B118EE100A60
:105BA00020F00040C0F1FF40002809D5B0EE680A9F
:105BB000BFE738EE280AF6EE000A20EE200AB8E722
:105BC000B0EE480AB5E700000000C07F8800002062
:105BD000F0D2000810B50446082106F089FA06F054
:105BE0000DFAD0B1204605F003FA00EE100ADFED01
:105BF0000E0ABDE81040B8EEC00A20EE200ADFED24
:105C00000B0A20EE200AF0EE000A20EE200AF4EE45
:105C1000000A20EE200A05F01FBA05A0FFF7C2F91E
:105C20009FED0C0A10BD00000000003400004D4440
:105C30005B4144535D205265616454656D703A2048
:105C40005761697444524459204641494C45440DBA
:105C50000A0000000000C07F2DE9F04107461C4605
:105C600090460E46981C02F043FF054646F0400061
:105C70002870611E697022464146A81CFAF731FB64
:105C80000B4E002210213046FBF761F94FF0FF3335
:105C9000A21C29463846FCF73BFC01221021304665
:105CA000FBF755F92846BDE8F04102F02DBD000094
:105CB000000002400EB564238DE80E000246012369
:105CC000A0210248FBF790FB0EBD0000E808002071
:105CD0000EB5082A00D9082264238DE80E0002467A
:105CE0000123A0210148FBF781FC0EBDE80800203C
:105CF0002DE9F041164C012716A02169FFF752F952
:105D00000026206902F072FD050018D0281D08D079
:105D10002B460322711C1BA0FFF744F9761C032EAF
:105D2000EFDBE08840F00800E0802A46032120A055
:105D3000FFF738F947F4C040A080BDE8F081E08863
:105D4000002720F00800E08029A0FFF72BF9F1E7F9
:105D5000600000205B434D445F3078303036305D6A
:105D60002046756A756E206D6F746F7220686F6D56
:105D7000653A207A65726F5F706F733D256C750DA3
:105D80000A0000005B434D445F3078303036305DB0
:105D900020417474656D70742025642F256420463D
:105DA00041494C20287265743D2564290D0A000084
:105DB0005B434D445F3078303036305D2046756A45
:105DC000756E206D6F746F7220686F6D652046412F
:105DD000494C206166746572202564207265747276
:105DE00069657320287265743D2564290D0A0000D9
:105DF0005B434D445F3078303036305D2046756A05
:105E0000756E206D6F746F7220686F6D65204F4BDB
:105E10000D0A00002DE9F0410126154C074600252A
:105E2000384602F0E3FC030017D0181D07D0032208
:105E3000691C10A0FFF7B6F86D1C032DF0DBE0889D
:105E400040F00800E0800322394615A0FFF7AAF8C9
:105E500046F44050A080BDE8F081E088002620F0A4
:105E60000800E08039461CA0FFF79CF8F0E700002E
:105E7000600000205B434D445F3078303033305D4C
:105E800020417474656D70742025642F256420464C
:105E900041494C20287265743D2564290D0A000093
:105EA0005B434D445F3078303033305D2046756A57
:105EB000756E206D6F766520746F20256C642046AA
:105EC00041494C20616674657220256420726574B6
:105ED000726965730D0A00005B434D445F30783092
:105EE0003033305D2046756A756E206D6F766520A3
:105EF000746F20256C64204F4B0D0A0070B53F4D28
:105F00000020E8703EA0FFF74DF8012003F0DAFA18
:105F100045A0FFF747F805F03DFB50A0FFF742F81A
:105F200002F07EFA38B158A0FFF73CF8E8882C461A
:105F300040F0100031E0E8882C4620F01000E880A6
:105F40005BA0FFF72FF863A0FFF72CF802F01EF913
:105F500030B16BA0FFF726F8E08840F006001CE0A7
:105F6000E08820F00600E0806EA0FFF71BF876A026
:105F7000FFF718F802F0DAF908B17EA008E08748C8
:105F8000E169FFF70FF8E06902F030FC48B184A046
:105F9000FFF708F8E08840F00800E080E07848B9B2
:105FA0001BE0E08820F00800E0808DA0FEF7FAFFFB
:105FB000E07830B193A0FEF7F5FFBDE8704001F046
:105FC00049B8022003F07EFA4FF48850A080BDE863
:105FD000704098A19AA0FEF7E5BF052003F072FA81
:105FE000A0A0FEF7DFFF01F035F841F20110A88014
:105FF000BDE87040A9A0FEF7D5BF000060000020FA
:106000005B494E49545D203D3D3D20496E697420F9
:1060100073657175656E6365207374617274656410
:10602000203D3D3D0D0A00005B494E49545D205323
:10603000746570313A2054656D7065726174757263
:106040006520746F20313830C2B0432028706C61F5
:106050006365686F6C646572290D0A005B494E497F
:10606000545D2053746570323A20496E69746961D9
:106070006C697A696E672073756374696F6E2063EB
:1060800075702E2E2E0D0A005B494E49545D20532B
:10609000746570323A2053756374696F6E2063754E
:1060A0007020696E6974204641494C0D0A00000059
:1060B0005B494E49545D2053746570323A205375E4
:1060C0006374696F6E2063757020696E6974204F08
:1060D0004B0D0A005B494E49545D20537465703383
:1060E0003A20496E697469616C697A696E672063E8
:1060F000796C696E646572732E2E2E0D0A00000095
:106100005B494E49545D2053746570333A2043799E
:106110006C696E6465727320696E697420464149CA
:106120004C0D0A005B494E49545D20537465703331
:106130003A2043796C696E6465727320696E697484
:10614000204F4B0D0A0000005B494E49545D20531F
:10615000746570343A20496E697469616C697A6952
:106160006E672046756A756E206D6F746F722E2E85
:106170002E0D0A005B494E49545D205374657034FE
:106180003A2046756A756E206D6F746F7220696E65
:106190006974204641494C0D0A000000B0D6000841
:1061A0005B494E49545D2053746570343A204675FE
:1061B0006A756E206D6F746F72206D6F76652074D6
:1061C0006F2077656C6C20706C61746520706F73E4
:1061D0006974696F6E204641494C0D0A0000000049
:1061E0005B494E49545D2053746570343A204675BE
:1061F0006A756E206D6F746F7220696E6974204FBE
:106200004B0D0A005B494E49545D2053746F70205A
:1062100072657175657374656420647572696E6703
:1062200020696E697469616C697A6174696F6E0D59
:106230000A000000636F6D706C6574656400000097
:106240005B494E49545D203D3D3D20496E697420B7
:1062500073657175656E6365202573203D3D3D0D49
:106260000A0000005B494E49545D20496E6974691B
:10627000616C697A6174696F6E206661696C6564CE
:106280002C2072756E20736166652073746F7020A8
:1062900073657175656E63650D0A00005B494E4953
:1062A000545D203D3D3D20496E69742073657175D4
:1062B000656E6365204641494C203D3D3D0D0A0019
:1062C0002DE9F0475D4C01275DA0A169FEF76AFE4C
:1062D000BD1E0026A06902F089FA030010D0181D27
:1062E00007D00322711C63A0FEF75CFE761C032E10
:1062F000F0DBE08840F00800E08003216AA089E03C
:10630000E08820F00800E0800021084601F0EBFD65
:10631000010005D0E08840F00200E08070A079E044
:10632000A94600254FF4966A42F21076B0463246EE
:106330005146002001F060FD030010D0181D07D069
:106340000322691C74A0FEF72DFE6D1C032DEDDBEE
:10635000E08840F00200E08003217CA05AE0E08861
:1063600020F00200E0804D4600264FF4FA7941F219
:10637000883A0BE0002E09DD05F060F808B182A034
:1063800008E0484601F0E8FE002845D105F03DF858
:1063900018B18AA0FEF706FE0CE0504605F057F84B
:1063A000050012D0281D09D02B460322711C90A095
:1063B000FEF7F8FD761C032EDCDB35B1E08840F0FB
:1063C0001000E080032197A024E0E08820F0100076
:1063D000E080962001F0C0FE00281DD1A1A0FEF7AC
:1063E000E1FD0025464600213246084601F004FD45
:1063F00003001BD0181D07D00322691CA4A0FEF7C0
:10640000D1FD6D1C032DEEDBE08840F00200E08042
:106410000321ACA0FEF7C6FD47F4C440A0805FB1E5
:10642000B8A1BDE8F047B9A0FEF7BCBDE08820F0F8
:106430000200E0800027EFE7BDA1F2E76000002046
:106440005B434D445F3078303036325D204C6179AB
:106450002066696C6D20616374696F6E3A206675A1
:106460006A756E5F7461726765743D256C750D0A9F
:10647000000000005B434D445F3078303036325DC1
:1064800020537465703120617474656D70742025BB
:10649000642F2564204641494C20287265743D25AF
:1064A00064290D0A000000005B434D445F307830E2
:1064B0003036325D2053746570312046756A756ED2
:1064C000206D6F7665204641494C20616674657287
:1064D00020256420726574726965730D0A000000DE
:1064E0005B434D445F3078303036325D2053746505
:1064F00070322064697361626C6520707573682006
:106500007365676D656E74204641494C20726574F1
:106510003D25640D0A0000005B434D445F30783038
:106520003036325D20537465703220617474656D4D
:1065300070742025642F2564204641494C20287220
:1065400065743D2564290D0A000000005B434D443D
:106550005F3078303036325D2053746570322053AE
:1065600075636B2063796C2064726F7020464149BB
:106570004C206166746572202564207265747269AE
:1065800065730D0A000000005B434D445F307830B6
:106590003036325D205374657033207265747279C1
:1065A000207375636B20636D64204641494C2C2039
:1065B000736B697020776169740D0A005B434D4409
:1065C0005F3078303036325D20537465703320721E
:1065D000656C6561736520636D64204641494C2C90
:1065E00020736B697020776169740D0A00000000E8
:1065F0005B434D445F3078303036325D20537465F4
:10660000703320617474656D70742025642F256467
:10661000204641494C20287265743D2564290D0AA5
:10662000000000005B434D445F3078303036325D0F
:106630002053746570332053756374696F6E2063E3
:1066400075702072656C65617365204641494C2008
:106650006166746572202564207265747269657361
:106660000D0A00005B434D445F3078303036325DB8
:106670002053746570332053756374696F6E2063A3
:1066800075702072656C65617365204F4B0D0A0053
:106690005B434D445F3078303036325D2053746553
:1066A000703420617474656D70742025642F2564C6
:1066B000204641494C20287265743D2564290D0A05
:1066C000000000005B434D445F3078303036325D6F
:1066D000205374657034205375636B2063796C208C
:1066E0006D6F766520746F2030204641494C2061E3
:1066F0006674657220256420726574726965730D15
:106700000A0000004641494C000000005B434D4434
:106710005F3078303036325D204C61792066696CAC
:106720006D20616374696F6E2025730D0A0000008F
:106730004F4B00002DE9F041404C012640A0A289BA
:106740006169FEF72FFC0025606902F04FF8030035
:1067500010D0181D07D00322691C48A0FEF722FCA8
:106760006D1C032DF0DBE08840F00800E080032181
:106770004FA04FE0E08820F00800E080002541F2C3
:10678000883842F210773A464146012001F034FB46
:10679000030010D0181D07D00322691C52A0FEF779
:1067A00001FC6D1C032DEEDBE08840F00400E0806E
:1067B00003215AA02EE0E08820F00400E080A589A3
:1067C00085B14FF47A7045434EF66020854200D97A
:1067D0000546294660A0FEF7E5FB284601F0BCFC13
:1067E000002819D100253A460021012001F004FBC0
:1067F00003001BD0181D07D00322691C61A0FEF7FF
:10680000D1FB6D1C032DEEDBE08840F00400E0803E
:10681000032169A0FEF7C6FB46F4C640A0805EB126
:1068200075A1BDE8F04176A0FEF7BCBBE08820F082
:106830000400E0800026EFE779A1F2E76000002085
:106840005B434D445F3078303036335D20536561B3
:106850006C20616374696F6E3A2066756A756E5F4D
:106860007461726765743D256C7520707265737311
:106870005F74696D653D2575730D0A005B434D447A
:106880005F3078303036335D20537465703120616D
:106890007474656D70742025642F25642046414909
:1068A0004C20287265743D2564290D0A0000000003
:1068B0005B434D445F3078303036335D2053746530
:1068C00070312046756A756E206D6F766520464181
:1068D000494C20616674657220256420726574726B
:1068E0006965730D0A0000005B434D445F307830EA
:1068F0003036335D20537465703220617474656D79
:1069000070742025642F2564204641494C2028724C
:1069100065743D2564290D0A000000005B434D4469
:106920005F3078303036335D2053746570322053D9
:1069300065616C2063796C2064726F7020464149F8
:106940004C206166746572202564207265747269DA
:1069500065730D0A000000005B434D445F307830E2
:106960003036335D20537465703320486F6C646932
:106970006E6720666F7220256C756D732E2E2E0D3E
:106980000A0000005B434D445F3078303036335DA1
:1069900020537465703420617474656D70742025A3
:1069A000642F2564204641494C20287265743D259A
:1069B00064290D0A000000005B434D445F307830CD
:1069C0003036335D205374657034205365616C201C
:1069D00063796C206D6F766520746F20302046419E
:1069E000494C20616674657220256420726574725A
:1069F0006965730D0A0000004641494C0000000023
:106A00005B434D445F3078303036335D20536561F1
:106A10006C20616374696F6E2025730D0A0000009D
:106A20004F4B00002DE9F0410125164C8046002611
:106A300042F210773A464146012001F0DDF90300A9
:106A40000DD0181D07D00322711C0FA0FEF7AAFA63
:106A5000761C032EEEDBE08840F0040003E0E088C3
:106A6000002520F00400E08045F48240A08035B18C
:106A7000104A4146BDE8F0410FA0FEF793BA0D4A17
:106A80003032F6E7600000205B434D445F307830E1
:106A90003034315D20417474656D70742025642F2D
:106AA0002564204641494C20287265743D2564299F
:106AB0000D0A0000607500085B434D445F3078307C
:106AC0003034315D205365616C2063796C206D6FCB
:106AD000766520746F2025753A2025730D0A000015
:106AE0002DE9F0418D4D0020E870032002F0EAFC12
:106AF00003F0DBFB04468AA0FEF754FA8FA0FEF7F2
:106B000051FA03F0D2FB0746002000F043FDE8787D
:106B100040B103F0CAFBC11B93A295A005F0BAFADD
:106B200097A096E0287941F2010610F0FF0F08D0F7
:106B300003F0BBFBC11B9AA28DA005F0ABFA9AA093
:106B400033E003F0B2FBC11B9FA289A005F0A2FABB
:106B50004FF49678404601F0FFFA30B100F07AFA2F
:106B600003F0A3FB011B80A2AEE099A0FEF71AFA86
:106B700003F09BFB07460020FFF7A2FBE87840B13B
:106B800003F093FBC11B78A29DA005F083FAA0A09F
:106B90005FE0287910F0FF0F0FD003F086FBC11BD8
:106BA0007FA297A005F076FAA1A0FEF7FBF90520D9
:106BB00002F088FC00F04EFA81E003F076FBC11B86
:106BC00081A28FA005F066FA404601F0C5FA0028C0
:106BD000C4D19FA0FEF7E6F903F067FB074600204B
:106BE000FFF7A8FDE87840B103F05FFBC11B5EA290
:106BF000A2A005F04FFAA4A02BE0287910F0FF0F17
:106C000008D003F052FBC11B65A29CA005F042FA1C
:106C1000A5A0CAE703F049FBC11B6BA297A005F032
:106C200039FA404601F098FA002897D1A6A0FEF75D
:106C3000B9F903F03AFB0746002000F0B9FFE87805
:106C400050B103F032FBC11B47A2ABA005F022FA02
:106C5000AEA0FEF7A7F981E7287910F0FF0F08D062
:106C600003F023FBC11B4EA2A3A005F013FAAFA0B3
:106C70009BE703F01AFBC11B53A29FA005F00AFA81
:106C80002F6A80207F1C01F0F5FB01463A46AFA039
:106C9000FEF788F93946182001F05CFC00284FF017
:106CA000800016D001F0E6FB01463A46B4A0FEF79C
:106CB00079F9C0A0FEF776F9052002F003FCAE805A
:106CC00003F0F3FA011B36A2BDE8F041C2A005F0C3
:106CD000E1B901F0CFFB01463A46C1A0FEF762F9E7
:106CE000CB483A0C2F62A0F80021A0F80271394677
:106CF000C8A0FEF757F9042002F0E4FB4FF48050DF
:106D0000A88003F0D2FA011B2FA2B3A005F0C2F9AC
:106D1000BDE8F041C7A0FEF745B9000060000020C3
:106D20005B574F524B464C4F575D203D3D3D2053E6
:106D300074617274203D3D3D0D0A00005B574F5257
:106D40004B464C4F575D2053746570312F343A20B9
:106D500053756374696F6E20616374696F6E202868
:106D600030783631290D0A0053544F5050454400B5
:106D700053746570312053756374696F6E00000041
:106D80005B574F524B464C4F575D2053746F70709A
:106D900065642061742053746570310D0A00000031
:106DA0004641494C454400005B574F524B464C4FBF
:106DB000575D2041626F7274656420617420537462
:106DC0006570310D0A00000053554343455353008D
:106DD0005B574F524B464C4F575D20537465703292
:106DE0002F343A204C61792066696C6D20616374A0
:106DF000696F6E202830783632290D0A00000000B5
:106E00005374657032204C61792066696C6D0000A6
:106E10005B574F524B464C4F575D2053746F707009
:106E200065642061742053746570320D0A0000009F
:106E30005B574F524B464C4F575D2041626F727407
:106E400065642061742053746570320D0A0000007F
:106E50005B574F524B464C4F575D20537465703310
:106E60002F343A205365616C20616374696F6E2022
:106E70002830783633290D0A0000000053746570FD
:106E800033205365616C00005B574F524B464C4FAB
:106E9000575D2053746F7070656420617420537463
:106EA0006570330D0A0000005B574F524B464C4F44
:106EB000575D2041626F7274656420617420537461
:106EC0006570330D0A0000005B574F524B464C4F24
:106ED000575D2053746570342F343A2057656C6CBD
:106EE00020706C61746520616374696F6E20283056
:106EF000783634290D0A00005374657034205765C4
:106F00006C6C20706C617465000000005B574F5220
:106F10004B464C4F575D2053746F70706564206111
:106F2000742053746570340D0A0000005B574F5293
:106F30004B464C4F575D2041626F7274656420610F
:106F4000742053746570340D0A0000005B50415288
:106F5000414D5F534156455D20626567696E207201
:106F600065673D307830303830206E616D653D2585
:106F7000732076616C75653D256C750D0A00000007
:106F80005B504152414D5F534156455D204641495A
:106F90004C207265673D307830303830206E616D3E
:106FA000653D25732076616C75653D256C750D0A10
:106FB000000000005B574F524B464C4F575D20532B
:106FC000617665207365616C20636F756E74204611
:106FD00041494C0D0A000000546F74616C000000C0
:106FE0005B504152414D5F534156455D204F4B2010
:106FF0007265673D307830303830206E616D653DA8
:1070000025732076616C75653D256C750D0A000051
:10701000A40700205B574F524B464C4F575D2053FF
:1070200065616C20636F756E743A20256C750D0A6E
:10703000000000005B574F524B464C4F575D203DC0
:107040003D3D20436F6D706C657465203D3D3D0D89
:107050000A0000002DE9F047594C0025B4F80890CB
:10706000A8462F46E570208900281CD055A0FDF7C2
:1070700099FF5CA0FDF796FF04F0BAFA61A0FDF756
:1070800091FF42F2107A52460021012000F0B4FE36
:10709000010010D065A0FDF785FFE08840F00400F6
:1070A000E080012510E06FA0FDF77CFF4FF49050C9
:1070B000A080BDE8F087E08820F00400E0804FF079
:1070C000010878A0FDF76EFF81A0FDF76BFF04F0CB
:1070D0009CF920B941F2883004F0B9F930B1E08868
:1070E00040F01000E080012582A004E0E08820F05C
:1070F0001000E0808AA0FDF755FF93A0FDF752FF36
:107100000021084600F0EFFE060004D00146994831
:10711000FDF748FF09E098A0FDF744FF0021524623
:10712000084600F069FE060009D03146A0A0FDF730
:1071300039FFE08840F00200E080012507E0E088A8
:1071400020F00200E0800127A8A0FDF72BFFB8F196
:10715000000021D0002F1FD0B0A0FDF723FF206931
:1071600001F044FB0100E08807D040F00800E08017
:10717000B3A0FDF717FF012505E020F00800E0802F
:10718000BBA0FDF70FFF45F49050A08055B105203E
:1071900002F098F9BFA10EE001463A46BF48FDF75C
:1071A00001FFE8E7B9F1050F01D0042000E0052058
:1071B00002F088F9BAA1BDE8F047BCA0FDF7F2BE25
:1071C000600000205B53544F505D203D3D3D2053F7
:1071D000746F7020776F726B666C6F77203D3D3DEA
:1071E0000D0A00005B53544F505D2053746570319D
:1071F0003A2053746F702068656174696E670D0A78
:10720000000000005B53544F505D20537465703292
:107210003A205365616C2063796C696E64657220F5
:107220006D6F766520746F20300D0A005B53544FEC
:10723000505D2053746570323A205365616C206351
:10724000796C696E646572206D6F766520746F204D
:1072500030204641494C20287265743D2564290D33
:107260000A0000005B53544F505D205379737465DE
:107270006D206E6F7420696E697469616C697A65DE
:10728000642C20736B697020616E64206B6565707F
:1072900020554E494E495449414C495A45440D0ADE
:1072A000000000005B53544F505D205374657032F2
:1072B0003A205365616C2063796C696E6465722055
:1072C0006D6F766520746F2030204F4B0D0A0000E3
:1072D0005B53544F505D2053746570333A205265B0
:1072E0006C656173652073756374696F6E20637577
:1072F000700D0A005B53544F505D2053746570331A
:107300003A2053756374696F6E20637570207265DF
:107310006C65617365204641494C0D0A0000000010
:107320005B53544F505D2053746570333A2053754E
:107330006374696F6E206375702072656C6561732C
:1073400065640D0A000000005B53544F505D2053EC
:10735000746570343A2053756374696F6E20637975
:107360006C696E646572206D6F766520746F203075
:107370000D0A000074D500085B53544F505D205334
:10738000746570343A2053756374696F6E20637945
:107390006C696E6465722070757368207365676DC3
:1073A000656E742064697361626C65640D0A000027
:1073B0005B53544F505D2053746570343A205375BD
:1073C0006374696F6E2063796C696E646572206D99
:1073D0006F766520746F2030204641494C2028721A
:1073E00065743D2564290D0A000000005B53544F6D
:1073F000505D2053746570343A2053756374696F1F
:107400006E2063796C696E646572206D6F7665209D
:10741000746F2030204F4B0D0A0000005B53544F17
:10742000505D2053746570353A2046756A756E203C
:107430006D6F746F7220686F6D650D0A000000003B
:107440005B53544F505D2053746570353A20467538
:107450006A756E206D6F746F7220686F6D6520465F
:1074600041494C20287265743D2564290D0A0000AD
:107470005B53544F505D2053746570353A20467508
:107480006A756E206D6F746F7220686F6D65204F26
:107490004B0D0A004641494C0000000060D6000830
:1074A000636F6D706C657465000000005B53544F32
:1074B000505D203D3D3D2053746F7020776F726B9F
:1074C000666C6F77202573203D3D3D0D0A0000005E
:1074D0002DE9F0410125164C8046002642F2107736
:1074E0003A464146002000F087FC03000DD0181DED
:1074F00007D00322711C0FA0FDF754FD761C032E4C
:10750000EEDBE08840F0020003E0E088002520F098
:107510000200E08045F48040A08035B110A24146D1
:10752000BDE8F04110A0FDF73DBD19A2F7E700004E
:10753000600000205B434D445F3078303034305D74
:1075400020417474656D70742025642F2564204675
:1075500041494C20287265743D2564290D0A0000BC
:107560004641494C000000005B434D445F30783099
:107570003034305D205375636B2063796C206D6F00
:10758000766520746F2025753A2025730D0A00005A
:107590004F4B00002DE9F0415D4C01265DA0616973
:1075A000FDF700FD0025606901F020F9030010D00F
:1075B000181D07D00322691C62A0FDF7F3FC6D1CA7
:1075C000032DF0DBE08840F00800E08003216AA092
:1075D0000EE0E08820F00800E0806421002000F048
:1075E00082FC010007D0E08840F00200E08070A03B
:1075F000FDF7D8FC80E0002541F2504841F2883781
:10760000404603F09FFD030010D0181D07D0032251
:10761000691C75A0FDF7C6FC6D1C032DF0DBE0882E
:1076200040F00200E08003217CA042E0E08820F0EE
:107630000200E080002510E0002D0EDD03F0E5FEE5
:10764000010001D084A00DE0384603F000FF0100E6
:1076500003D0081D2FD08EA004E003F0EFFE010040
:1076600003D098A0FDF79EFC0BE0384603F0EBFE3C
:10767000030010D0181D07D00322691C9DA0FDF740
:1076800091FC6D1C032DD7DBE08840F01000E080FA
:107690000321A5A00DE0E08820F01000E08003F0B9
:1076A00023FE0028E0880DD040F00200E080032196
:1076B000ACA0FDF777FCBB48FDF774FC03F0A5FE1A
:1076C00048B904E020F00200E080002614E03846CB
:1076D00003F0BDFE30B1E08840F01000E080B2A0C1
:1076E000FDF760FC03F000FE30B1E08840F00200DE
:1076F000E080BAA0FDF756FC46F4C240A0802EB14F
:10770000C5A1BDE8F041C6A0FDF74CBCCDA1F8E78E
:10771000600000205B434D445F3078303036315D8F
:107720002053756374696F6E20616374696F6E3A7C
:107730002066756A756E5F7461726765743D256C4D
:10774000750D0A005B434D445F3078303036315D53
:1077500020537465703120617474656D70742025D8
:10776000642F2564204641494C20287265743D25CC
:1077700064290D0A000000005B434D445F307830FF
:107780003036315D2053746570312046756A756EF0
:10779000206D6F7665204641494C206166746572A4
:1077A00020256420726574726965730D0A000000FB
:1077B0005B434D445F3078303036315D2053746523
:1077C000703220656E61626C65207075736820731D
:1077D00065676D656E74204641494C207265743D45
:1077E00025640D0A000000005B434D445F30783093
:1077F0003036315D20537465703220617474656D6C
:1078000070742025642F2564204641494C2028723D
:1078100065743D2564290D0A000000005B434D445A
:107820005F3078303036315D2053746570322053CC
:1078300075636B2063796C2064726F7020464149D8
:107840004C206166746572202564207265747269CB
:1078500065730D0A000000005B434D445F307830D3
:107860003036315D205374657033207265747279DF
:107870002072656C6561736520636D6420464149C3
:107880004C20287265743D2564295C725C6E000092
:107890005B434D445F3078303036315D2053746542
:1078A00070332072657472792072656C65617365DE
:1078B000204641494C20287265743D2564295C723C
:1078C0005C6E00005B434D445F3078303036315D94
:1078D000205374657033207375636B20636D64206F
:1078E0004641494C20287265743D2564295C725CD0
:1078F0006E0000005B434D445F3078303036315DC0
:1079000020537465703320617474656D7074202524
:10791000642F2564204641494C20287265743D251A
:1079200064290D0A000000005B434D445F3078304D
:107930003036315D2053746570332053756374693C
:107940006F6E2063757020686F6C64204641494CEF
:1079500020616674657220256420726574726965A1
:10796000730D0A005B434D445F3078303036315D33
:10797000205374657034205375636B2063796C20D9
:107980006D6F766520746F2030204641494C206130
:107990006674657220256420726574726965730D62
:1079A0000A000000F4D600085B434D445F30783095
:1079B0003036315D20436C65616E75703A207375A9
:1079C0006374696F6E206375702072656C65617396
:1079D00065204641494C0D0A000000005B434D44C0
:1079E0005F3078303036315D20436C65616E757084
:1079F0003A2073756374696F6E2063796C696E6485
:107A000065722072657475726E20746F2030204626
:107A100041494C0D0A0000004641494C000000005D
:107A20005B434D445F3078303036315D20537563B1
:107A300074696F6E20616374696F6E2025730D0A1F
:107A4000000000004F4B00002DE9F0412E4D07468D
:107A500041F2883601284FF000040ED04FF4FA7836
:107A600025E0002C09DD03F0D0FCA8B9304603F076
:107A7000EEFC10B1001D0FD12AE003F0DFFC58B975
:107A8000304603F0E0FC030034D0181D20D0032260
:107A9000611C1EA0FDF786FA641C032CE1DB17E0D5
:107AA000002C04DD03F0CAFC404602F0F1FB03F0B9
:107AB000ACFC304603F0CBFC03001BD0181D07D0F4
:107AC0000322611C1DA0FDF76DFA641C032CE7DB8B
:107AD000E988012041F01001E98040F4A041A9802B
:107AE00068B123A2012F0CD023A1BDE8F04124A04E
:107AF000FDF758BAE988002021F01001ECE729A22F
:107B0000F0E729A1F1E70000600000205B434D444D
:107B10005F3078303035305D20486F6C64206174A0
:107B200074656D70742025642F2564204641494C8E
:107B300020287265743D2564290D0A005B434D447D
:107B40005F3078303035305D2052656C656173652B
:107B500020617474656D70742025642F256420463F
:107B600041494C20287265743D2564290D0A0000A6
:107B70004641494C0000000072656C656173650008
:107B80005B434D445F3078303035305D2053756352
:107B900074696F6E206375702025733A2025730D0C
:107BA0000A0000004F4B0000686F6C64000000008A
:107BB0002DE9F041164C012716A0E169FDF7F2F915
:107BC0000026E06900F012FE050018D0281D08D03C
:107BD0002B460322711C1AA0FDF7E4F9761C032E34
:107BE000EFDBE08840F00800E0802A4603211FA078
:107BF000FDF7D8F947F4C840A080BDE8F081E088DF
:107C0000002720F00800E08027A0FDF7CBF9F1E77E
:107C1000600000205B434D445F3078303036345D87
:107C20002057656C6C20706C6174653A2066756ACB
:107C3000756E5F7461726765743D256C750D0A0021
:107C40005B434D445F3078303036345D204174748E
:107C5000656D70742025642F2564204641494C20B1
:107C6000287265743D2564290D0A00005B434D446C
:107C70005F3078303036345D2057656C6C20706C26
:107C8000617465204641494C206166746572202507
:107C900064207265747269657320287265743D256D
:107CA00064290D0A000000005B434D445F307830CA
:107CB0003036345D2057656C6C20706C61746520C3
:107CC0004F4B0D0A000000001CB52D4C4FF0FF3546
:107CD0002B4600226946606A02F01CFB0028F7D19F
:107CE0009DF8000050282CD014DC302820D008DC6F
:107CF000102817D0112818D01228E9D1FFF7AAF9B7
:107D0000E6E7402818D04128E2D1BDF80200FEF78E
:107D100089FEDDE760380528DAD2DFE800F0171CBD
:107D200021262B00FEF7DCFED2E7FEF7E7F8CFE7CF
:107D30000198FEF76FF8CBE7BDF80200FFF7C8FB2C
:107D4000C6E7BDF80200FFF77FFEC1E7BDF80200FD
:107D5000FDF7CEFFBCE7BDF80200FFF71BFCB7E75D
:107D6000BDF80200FEF7ACFAB2E7BDF80200FEF77C
:107D7000E1FCADE7BDF80200FFF71AFFA8E700003D
:107D8000600000200B4A08B512780B4B02EB420250
:107D90001A4409B1022100E001210123515C8DF850
:107DA00000106A460721FDF757FF0A20F8F7B8FFD1
:107DB00008BD000088000020F0D2000810B500F0D7
:107DC00006F80122BDE81040110202F005BA18B110
:107DD000012803D00020704702207047032070471D
:107DE00010B50C46FFF7F3FF2246BDE8104040F205
:107DF000031102F0F1B9000070B516460C460546B5
:107E0000FFF7EEFF030007D02246294606A0FDF744
:107E1000C9F86FF0020070BD324621462846BDE821
:107E2000704000F0B3B800005B43594C5D206964BA
:107E30003D2564206D6F766520636D642046414961
:107E40004C207461726765743D2575207265743DC0
:107E500025640D0A0000000038B50C460021ADF87D
:107E60000010FFF7B4FF01226B46510201F0A0F9A8
:107E7000002802D1BDF80010217038BD38B50C467D
:107E80000021ADF80010FFF7A2FF6B46012240F27F
:107E9000012101F08DF9002802D1BDF800102170F8
:107EA00038BD10B50C46FFF792FF2346BDE81040E1
:107EB000012240F2022101F07BB910B50C46FFF718
:107EC00086FF2246BDE8104040F2011102F084B95D
:107ED00010B50C46FFF77BFF2246BDE8104040F28C
:107EE0000A3102F079B910B50C46FFF770FF22464F
:107EF000BDE810404FF4817102F06EB910B50C4628
:107F0000FFF765FF2246BDE8104040F2093102F05C
:107F100063B90000F8B50D460646002416E000BF20
:107F200001F040FA10B16FF00300F8BD6946304629
:107F3000FFF792FF10B16FF00100F8BD9DF800004F
:107F400001280DD0322002F0A3F93234AC42E7D33D
:107F50002A46314603A0FDF725F84FF0FF30F8BD63
:107F60000020F8BD5B43594C5D2069643D256420C9
:107F70007761697420686F6D652074696D656F75D0
:107F8000742028256C756D73290D0A002DE9F74FB3
:107F900088B000204FF6FF7417468B468DF80C0012
:107FA000ADF81440054680466FF003096FF0020AF1
:107FB00012E000BF01F0F6F9A8B9C5F13206781B4E
:107FC000322E00D93226864200D90646304602F0CB
:107FD0005FF93544322D51D2BD42EBD34EE000BFA4
:107FE00001F0E0F918B148460BB0BDE8F08F03A9E5
:107FF0000898FFF743FF020002D029A0089907E084
:1080000005A90898FFF74DFF020005D02FA0089999
:10801000FCF7C8FF5046E7E7BDF81410594502D3F6
:10802000A1EB0B0001E0ABEB010084B29DF80C006A
:10803000022802D001280AD01AE08BB25A460094D6
:108040002CA00899FCF7AEFF6FF00100CCE7142CD0
:108050000ED808F10100C0B25FEA00080AD08BB266
:108060005A4600942FA00899FCF79CFF0020BBE71C
:108070004FF00008322002F00BF93235BD42AFD389
:108080009DF80C000297CDE90040BDF814305A4627
:1080900030480899FCF786FF4FF0FF30A4E7000056
:1080A0005B43594C5D2069643D25642072656164C1
:1080B000206D6F74696F6E20737461746520464122
:1080C000494C207265743D25640D0A005B43594C90
:1080D0005D2069643D2564207265616420706F7362
:1080E0006974696F6E204641494C207265743D2564
:1080F000640D0A005B43594C5D2069643D25642092
:108100007374616C6C656421207461726765743D81
:10811000257520706F733D257520646966663D2561
:10812000750D0A005B43594C5D2069643D25642050
:1081300061727269766564207461726765743D2549
:108140007520706F733D257520646966663D2575E1
:108150000D0A0000A0D300082DE9F04106460025D5
:10816000094F0DE0741B322C00D93224F87818B175
:108170006FF00300BDE8F081204602F089F8254445
:10818000B542EFD30020F5E76000002070B5002075
:10819000FFF714FE4FF0FF3408B11FA033E047F2A1
:1081A000305529460020FFF7B5FE08B124A02AE08B
:1081B0002EA0FCF7F7FE00210846FFF789FE70B9F4
:1081C0000F210020FFF779FE48B964210020FFF756
:1081D0008AFE20B90A210020FFF790FE08B12CA0EA
:1081E00011E00A2364220F213448FCF7DBFE012052
:1081F000FFF7E4FD08B132A005E029460120FFF7B2
:1082000089FE20B137A0FCF7CDFE204670BD3FA00F
:10821000FCF7C8FE002070BD5B43594C5D205375D0
:108220006374696F6E2063796C696E64657220682F
:108230006F6D6520636D64204641494C0D0A000056
:108240005B43594C5D2053756374696F6E2063798D
:108250006C696E64657220686F6D652074696D6508
:108260006F75742F4641494C0D0A00005B43594C11
:108270005D2053756374696F6E2063796C696E64F9
:10828000657220686F6D65204F4B0D0A000000007D
:108290005B43594C5D2053756374696F6E2063793D
:1082A0006C696E646572207075736820636F6E66AA
:1082B0006967204641494C0D0A00000054D300086C
:1082C0005B43594C5D205365616C2063796C696E2A
:1082D00064657220686F6D6520636D642046414956
:1082E0004C0D0A005B43594C5D205365616C206363
:1082F000796C696E64657220686F6D652074696D54
:10830000656F75742F4641494C0D0A005B43594C0B
:108310005D205365616C2063796C696E64657220C1
:10832000686F6D65204F4B0D0A0000007CB5002280
:10833000D421042001F050FF4FF0FF35002848D130
:10834000254C204600F04EFA18B124A0FCF72AFE76
:108350003FE0214628A0FCF725FE01200021CDE9C1
:10836000000103460246014600F021FA88BB0120C5
:1083700000F018FA68BB42F21071CE2003F0D0FE74
:1083800038BB4FF4FA6001F083FF0121A42003F011
:10839000D4FEF0B9322001F07BFF2049CE2003F05B
:1083A000BFFEB0B941F2883001F072FF0121A42074
:1083B00003F0C3FE68B9322001F06AFF0021D22029
:1083C00003F0AEFE28B90121DC2003F0B6FE002840
:1083D00000D028467CBD0000F82401005B46554AC9
:1083E000554E5D2053657420737065656420464169
:1083F000494C0D0A000000005B46554A554E5D2071
:1084000052756E2073706565643D256C642028305C
:108410002E303172706D290D0A0000005052FEFF9F
:1084200070B50024204602F0F5FF651E00B12C4611
:108430000A2001F02DFF012002F0F1FF00B12C46CF
:108440000A2001F025FF012002F0F3FF00B12C46C5
:108450000A2001F01DFF0A2002F0E6FF00B12C46C1
:108460000A2001F015FF02F0D0FF0A2001F010FFF2
:10847000204670BD762815D006DC70280CD07228F6
:108480000CD0742806D10BE078280DD079280DD0B7
:1084900080280DD007A0704708A070470AA0704739
:1084A0000DA070470FA0704712A0704717A070472B
:1084B00019A07047756E6B6E6F776E007A65726F7C
:1084C0005F706F73000000007375636B5F736561AD
:1084D0006C5F706F73000000706176655F706F7322
:1084E000000000006765745F706C6163655F706FAA
:1084F0007300000074656D70657261747572655FFC
:10850000736574706F696E7400000000707265733B
:10851000735F74696D6500007365616C5F636F758F
:108520006E74000038B50C0002D0011DFF2901D97E
:10853000012038BDC0B204226946FDF7BBFB00280C
:10854000F7D19DF80310009861F31F6020600020B0
:1085500038BD0000F8B50546001D0C46FF2806D9B9
:108560000A46294615A0FCF71DFD0120F8BD8DF82F
:108570000040200A8DF80100200C8DF80200200E2A
:108580008DF8030023461A46294618A0FCF70AFD79
:10859000E8B204226946FDF79BFB060007D00346BC
:1085A000224629461FA0FCF7FDFC3046F8BD2246B6
:1085B000294629A0FCF7F6FCF7E700005B4545508B
:1085C000524F4D5F534156455D20696E76616C692F
:1085D0006420616464723D307825303258207661C1
:1085E0006C75653D256C750D0A0000005B454550B6
:1085F000524F4D5F534156455D2077726974652037
:10860000616464723D3078253032582076616C7533
:10861000653D256C75202830782530386C58290D3B
:108620000A0000005B454550524F4D5F534156458F
:108630005D204641494C20616464723D30782530AC
:1086400032582076616C75653D256C7520726574B5
:108650003D25640D0A0000005B454550524F4D5FBB
:10866000534156455D204F4B20616464723D307824
:10867000253032582076616C75653D256C750D0A84
:1086800000000000194A59B130282AD0402820D0D3
:10869000412822D0502817D1D08840F0100012E095
:1086A000302812D0402807D0412809D050280BD1BB
:1086B000D08820F0100006E0D08820F0020002E010
:1086C000D08820F00400D0807047D08820F00800C7
:1086D000F9E7D08840F00200F5E7D08840F00400C8
:1086E000F1E7D08840F00800EDE7000060000020CE
:1086F00013B54FF47A73012269460248FAF770FD08
:1087000000981CBD0C10002010B5002821D0114B82
:108710000022001F196803E0814203D80A46496815
:108720000029F9D152B11368841A9C4204D100681F
:1087300018441060104602E0506000E0186039B143
:1087400002680B1A934203D10B681A44026049680D
:10875000416010BD240100200122A421042001F069
:108760003BBD28B103460122A321042000F020BD17
:108770006FF00800704738B504000CD000200421C9
:1087800000906B460222084600F012FD002801D13D
:108790000099216038BD6FF0080038BD0146CE2039
:1087A00003F0BEBC02466B21042001F015BDF0B4FD
:1087B0000024DDE9046500B1202409B144F010046F
:1087C00002F00F0020430BB140F400500EB140F412
:1087D000805005F00F01F0BC40EA01229B210420EB
:1087E00001F0FABC0146D82003F09ABC2DE9F04F05
:1087F00085B0064600246FF0030942F210774FF06F
:10880000040800BF00F0CEFD48BB02A8FFF7B3FF8D
:1088100058B90298351A01D4284600E06842282841
:1088200070DD2846FFF7BAFF18B1C82001F030FD0F
:1088300071E0601CCDE9000804902B4631463C48AD
:10884000029AFCF7AFFB0025DDF808A0AB460095C7
:10885000642001F01DFD643500F0A4FD18B1484608
:1088600005B0BDE8F08F02A8FFF785FF00BB0299B5
:10887000701A00D54042282844DDB1EB0A0000D52B
:108880004042282804DD01204FF0000B00900EE04C
:10889000009860B10BF1010000F0FF0BBBF1030F7A
:1088A00005D30A46314623A0FCF77CFB02E08A464A
:1088B000BD42CDD3BD4204D331462EA0029AFCF76F
:1088C00071FB0020ADF80C0003A8FFF74AFF78B950
:1088D000BDF80C0000070BD0BDF80C1033A001F060
:1088E0000F02FCF75FFBFFF737FF6FF00100B7E700
:1088F00002A8FFF740FF70B9029A931B00D55B42B4
:10890000282B01DC0020ABE70499CDE900183146A3
:108910003548FCF747FB641C042CFFF673AF0422B8
:10892000314632A0FCF73EFB4FF0FF3098E70000E5
:10893000ECD300085B46554A554E5D204D6F746977
:108940006F6E2073746F70706564206265666F72FD
:1089500065207461726765743A207461726765742A
:108960003D256C642063757272656E743D256C6480
:108970000D0A00005B46554A554E5D20506F7369E5
:1089800074696F6E20776169742074696D656F75A5
:10899000743A207461726765743D256C6420637558
:1089A0007272656E743D256C640D0A005B46554A13
:1089B000554E5D20416C61726D2064657465637411
:1089C00065643A20307825303458202863757272F7
:1089D000656E743D2564292C20636C656172696E37
:1089E000672E2E2E0D0A000038D400085B46554A2B
:1089F000554E5D204661696C656420746F20726518
:108A0000616368207461726765743D256C642061E0
:108A10006674657220256420617474656D7074736A
:108A20000D0A000000224FF400410148F8F78FBA08
:108A3000000002400122D1030148F8F788BA000083
:108A4000000002400A4610B5014664230348FAF7C5
:108A5000C7FB002801D04FF0FF3010BDC40F00202D
:108A600080210148F8F76BBA00040240F8F7DCFEF9
:108A7000FBF746FFFBF7ACFBFBF706FBFBF74AFCFB
:108A8000FBF768FCFBF77CFCFBF7A0FCFBF7BAFCF0
:108A9000FBF7D4FCFBF7EEFC04230222012109A022
:108AA000FCF780FA02F0ACFF4FF47A70F8F738F96F
:108AB00000F0FAFB01F000FCFBF74CFB01F00EFCB0
:108AC000FEE7000073797374656D207374617274CE
:108AD0002C6669726D776172655F76657273696F16
:108AE0006E3A5625752E25752E25750D0A00000047
:108AF000F0B50B30154D20F007010024144A0FE0AB
:108B000003688B420BD38B4205D95E1A4318476822
:108B1000C3E9006700E04368136002C004E0021D7F
:108B200010680028ECD12046002802D1286808B13E
:108B30000020F0BD064A07481060074A121A22F0CA
:108B40000702C0E9002401202860D7E7280100209F
:108B500024010020BC5C0020B85E0020064881781B
:108B6000002908D0054A41780170D1800022827026
:108B700003A0FCF717BA704760000020A40700208C
:108B80005B4D4F444255535D20536C6176652061C7
:108B9000646472657373206368616E6765642074D2
:108BA0006F2025750D0A0000AFF3008030B5034635
:108BB0004FF6FF700022074C08E09D5C4540EDB287
:108BC000521C34F8155092B285EA10208A42F4D330
:108BD00030BD000088D0000810B5054801F055FCF4
:108BE0000449486008B1002010BD4FF0FF3010BDAF
:108BF00078D000084800002010B50022114601205E
:108C000001F0C6FC0149886010BD0000480000204A
:108C1000092816D2DFE800F0150507090B0D0F1122
:108C2000130009A070470CA070470FA0704711A057
:108C3000704714A0704714A0704716A0704717A083
:108C4000704719A070470000494C4C4547414C5FA4
:108C500046554E4300000000494C4C4547414C5F8F
:108C60004144445200000000494C4C4547414C5F90
:108C700056414C00534C4156455F4641494C555274
:108C80004500000041434B00534C4156455F42555F
:108C9000535900004E41434B000000004D454D5FCD
:108CA0005041524954590000554E4B4E4F574E5F5C
:108CB00045584300042815D006DC01280CD00228B2
:108CC0000CD0032806D10BE005280DD006280DD0C6
:108CD00010280DD007A0704709A070470CA070475E
:108CE00010A0704714A0704717A070471AA07047D3
:108CF0001DA07047554E4B4E4F574E5F46430000E8
:108D0000524541445F434F494C53283031290000BC
:108D1000524541445F4449534352455445283032FB
:108D200029000000524541445F484F4C44494E479A
:108D30002830332900000000524541445F494E501D
:108D4000555428303429000057524954455F434F49
:108D5000494C28303529000057524954455F524547
:108D6000472830362900000057524954455F4D5579
:108D70004C544928313029000148007870470000E0
:108D8000600000202DE9F8430546082901D00321A1
:108D900026E0688847BAA88844BA002CF7D0202C6F
:108DA000F5D8002607E0B81980B2012100F062FA78
:108DB000A8B1761CB6B2A642F5D34FF6FF7000EA12
:108DC0004406701DB0F5807FE1D81E4829788046A2
:108DD00001700321417000258670A9461DE0022123
:108DE000BDE8F843032000F0CFBF00BF7819ADF80D
:108DF000009080B2694600F0F7FA28B10221032002
:108E000000F0C2FFBDE8F883BDF8000008EB4501A3
:108E1000020ACA706D1C0871ADB2A542E6D3F61CF9
:108E2000B4B221460748FFF7BFFE08F80400000A65
:108E300008EB0401A41C4870A1B2BDE8F843014846
:108E400000F0BDBF2C0100202DE9F04104460929A6
:108E50000DD3608847BAA08845BAA0793DB1202DCE
:108E600005D8B0EB450F02D10930814201D0032172
:108E700019E0384600F09CFA18B1C078012802D0F9
:108E8000B0B102210FE0022DFBD1D4F8070000BAE7
:108E900020F0FF01A07A0143384600F077FB0FE095
:108EA000062100E00421BDE8F041102000F06CBF75
:108EB000012DE6D1B4F8070041BA384600F0A2FC13
:108EC000811CEDD0C11CEDD00028D0D1104E2078EF
:108ED0000621307010207070A078B070E078F070CB
:108EE00020793071607970713046FFF75DFEB071A6
:108EF000000AF0710821304600F061FF032F05D110
:108F0000012D03D1BDE8F041FFF728BEBDE8F08197
:108F10002C0100207CB50446082901D003213BE048
:108F20006088022145BAA08846BA284600F0A2F916
:108F300068B33146284600F065FC811C29D0C11C6D
:108F400029D00028EAD120788DF8000060788DF8CB
:108F50000100A0788DF80200E0788DF803002079F8
:108F60008DF8040060798DF8050006216846FFF74A
:108F70001BFE8DF80600000A8DF8070008216846E0
:108F800000F01DFF032D01D1FFF7E8FD7CBD02219C
:108F900002E0062100E00421062000F0F5FE7CBD81
:108FA00070B506460D460AA0FBF7FCFF002405E05D
:108FB000315D0CA0FBF7F6FF641CA4B2AC4201D2F9
:108FC000402CF5D3BDE8704008A0FBF7EBBF0000D4
:108FD0002020202020202052585F5241575B2564DA
:108FE0005D3A000020253032580000000D0A0000D4
:108FF0002DE9F047314F824689463878304900EBF9
:1090000040009846154601EB8004089E01F04DF99A
:10901000206084F804A084F80590A57184F8078086
:1090200026813878401C00F01F003870F868401C1A
:10903000F8604846FFF73EFE0246514621A0FBF786
:10904000B1FF05F10A00284C0A282FD2DFE800F012
:10905000292E2E241B0E0B09070524A022E028A090
:1090600020E02BA01EE031462FA017E0F2B25146BF
:1090700032A00EE0208800281ED02188BDE8F047ED
:109080003748FFF78DBF4046FFF7C2FD0246414615
:1090900034A0FBF787FFEDE7314638A0FBF782FFEE
:1090A000E8E73CA0BDE8F047FBF77CBF2946BDE8F8
:1090B000F0473BA0FBF776BFBDE8F08748000020F3
:1090C000240600205B4D4F444255535F4552525D8C
:1090D00020736C6176653D30782530325820667596
:1090E0006E633D25730000008A000020204D55541A
:1090F00045582074696D656F75740D0A0000000095
:109100002053454E44206661696C65640D0A000079
:109110002054494D454F5554206E6F207265737031
:109120006F6E73650D0A0000204352432072656321
:10913000763D3078253034580D0A000020414444F3
:10914000522065787065637465643D3078253032EF
:109150005820726563763D3078253032580D0A000C
:10916000FC0E002020455843455054494F4E2030B6
:109170007825303258282573290D0A00205245538E
:10918000505F4C454E2072785F6C656E3D25640DD6
:109190000A0000002053454D206E756C6C0D0A00CE
:1091A00020554E4B4E4F574E282564290D0A00007E
:1091B0002DE9F04381461E46401E85B06FF008033E
:1091C000F72814D2501E7D2811D286B1080A8DF8D6
:1091D0000C008DF80D10100A8DF80E0000208DF88F
:1091E0000F208DF810000446144F804617E01846F3
:1091F00005B0BDE8F08304A90096CDE90181042300
:1092000003AA0321484600F0DDFD05000ED03879A1
:10921000A04202D90A2001F03BF8641CE4B238797C
:10922000A042E8D22A464946054803E024B1224636
:10923000494604A0FBF7B6FE2846D9E758000020AF
:10924000D0D400085B4D4F444255535F4F4B5D20D7
:10925000736C6176653D30782530325820726563D5
:109260006F76657265642072657472793D25640D50
:109270000A00000030B50D46044600F099F820B110
:109280008078284000D0012030BD54B1641EA0B2C7
:1092900000F08EF828B1C178012902D180782842E7
:1092A000F1D1002030BD000030B585B004A9002008
:1092B000FFF738F9384D394C30B904982061010C6A
:1092C000A5F8E010A5F8E20004A90420FFF72AF9A8
:1092D00030B904986061010CA5F8E410A5F8E60027
:1092E00004A90820FFF71EF930B90498A061010C09
:1092F000A5F8E810A5F8EA0004A90C20FFF712F978
:1093000030B90498E061010CA5F8EC10A5F8EE0066
:1093100004A91020FFF706F9B0B9049840F6C4116B
:1093200080B26081884202D94FF4E160608180B2EE
:1093300000EE100AB2EE041AA5F8F000F8EE400AAA
:1093400080EE810AFBF7BAF804A91420FFF7EAF8C7
:1093500040B9049880B2A0813C2801D90020A081A6
:10936000A5F8F20004A91820FFF7DCF830B904983A
:109370002062010CA5F80011A5F80201D4E9070349
:10938000A28961898DE80F001034054894E80E0029
:10939000FBF708FE05B030BDA407002060000020E8
:1093A00044D700080148C0787047000060000020E2
:1093B00030B500230B4C1922991801EBD1714910DB
:1093C00034F82150854202D104EB810030BD02D235
:1093D00001F1010301E0A1F101029342ECDD002063
:1093E00030BD000088D2000870B50C460546FFF776
:1093F000DFFF2F4E40B90DB3681E80B2FFF7D8FFD4
:10940000E0B1C17801290FD08078C00716D0294873
:10941000722D21D01ADC132D25D012DC85B3022D3C
:109420001DD0032D18D11CE08078C00706D0012D77
:1094300012D14FF401702080002070BD4FF0FF303A
:1094400070BD202D11D0212D06D129E0792D03DD0D
:10945000802D01D0A02D29D036F81500EBE7C0886B
:10946000E9E70078E7E70089E5E7FBF721F8B5EEE3
:10947000C00A1149F1EE10FA03D29FED100A06E07E
:1094800012E010EE100A884201DD9FED0D0AF2EEA7
:10949000040A20EE200ABCEEC00A10EE100ACAE749
:1094A00002F072F80028C6D00120C4E78088C2E725
:1094B000A40700206000002000007A4300000000A4
:1094C00000007A430E49088168B101280DD00228B6
:1094D0000DD003280DD004280DD005280DD009A1EA
:1094E0000AA0FBF75FBD0EA1FAE711A1F8E714A1EE
:1094F000F6E716A1F4E717A1F2E719A1F0E70000DB
:1095000060000020554E4B4E4F574E005B53595351
:109510005D2053746174653A2025730D0A000000C4
:10952000554E494E495449414C495A454400000062
:10953000494E495449414C495A494E4700000000A0
:10954000494E495449414C495A45440052554E4EA2
:10955000494E470046494E495348454400000000E3
:10956000574F524B464C4F575F4641494C4544007C
:1095700005490028C88802D040F0010001E020F031
:109580000100C88070470000600000202DE9F05FF6
:10959000514D0F0CDFF844810C4682464FF0FF39E5
:1095A0006FF0020B8EB2722847D005DC302809D04C
:1095B000BAF1700F14D12CE074285CD0BAF1760F98
:1095C0000ED16BE0464843F2010784420BD3AF80D3
:1095D00001213020FFF756F8214642A0FBF7E2FCBC
:1095E0004846BDE8F09F0A4600213020FCF760F9AC
:1095F000060009D0AF8001213020FFF743F846A0D4
:10960000FBF7D0FC3046ECE721464DA0FBF7CAFC47
:109610002FE0FEF72FFF02462346514653A0FBF7EB
:10962000C1FC21460020FEF795FF002843D12C61A4
:10963000A8F8E070A8F8E26012E0FEF71BFF02460F
:109640002346514649A0FBF7ADFC21460420FEF716
:1096500081FF00282FD16C61A8F8E470A8F8E660BB
:109660005046FEF707FF0246234651464CA0FBF743
:1096700099FC0020B5E7FEF7FDFE02462346514661
:109680003AA0FBF78FFC21460820FEF763FF90B954
:10969000AC61A8F8E870A8F8EA60E1E7FEF7EAFE36
:1096A00002462346514631A0FBF77CFC21460C20A4
:1096B000FEF750FF50B15046FEF7DCFE024623464F
:1096C000514643A0FBF76EFC58468AE7EC61A8F8C8
:1096D000EC70A8F8EE60C3E760000020A40700204B
:1096E000B1AD01005B434D445F3078303033305DC5
:1096F0002056616C756520256C64206F7574206F31
:10970000662072616E67652028307E3131303030DE
:1097100030290D0A000000005B434D445F30783073
:109720003033305D2051756575652066756C6C2C25
:1097300020636D642064726F707065640D0A0000B0
:109740005B434D445F3078303033305D2046756A7E
:10975000756E206D6F766520746F20256420656EB0
:109760007175657565640D0A000000005B5041521B
:10977000414D5F534156455D20626567696E2072B9
:1097800065673D307825303458206E616D653D2524
:10979000732076616C75653D256C750D0A000000BF
:1097A0005B504152414D5F534156455D204F4B2028
:1097B0007265673D307825303458206E616D653DA7
:1097C00025732076616C75653D256C750D0A00006A
:1097D0005B504152414D5F534156455D20464149E2
:1097E0004C207265673D307825303458206E616DAD
:1097F000653D25732076616C75653D256C750D0A98
:10980000000000002DE9F0432DED028B83B00C46E3
:109810000746FFF7CDFD4FF0FF36002866D0807871
:10982000800763D5DFF870829C4D502F74D014DC14
:109830004FF00100122F5ED006DC032F20D0102F36
:1098400024D0112F52D13AE0212F71D041F288302B
:10985000402F79D0412FF5D183E0632F06D006DC6D
:10986000602FFBD0612FF9D0622FEBD19DE0642FE8
:10987000FCD06FF00209782F72D0792FE2D1DFE0AF
:10988000611EF72932D26C70A87000E1012CD9D189
:109890002889022808D02889042805D02889052885
:1098A00002D029897EA01FE0002211461020FBF77C
:1098B000FFFF040001D086A011E08CA018E0012C6D
:1098C000C0D1288903280DD0288901280AD0002278
:1098D00011461120FBF7ECFF040008D08CA0FBF729
:1098E00061FB73E0298991A0FBF75CFBD1E09AA0B2
:1098F000FBF758FBCBE0012CF8D1298903290CD0C8
:109900002989012909D0002211461220FBF7D0FF36
:1099100004000BD09AA0E2E73AE0E87041F202209E
:10992000A88001E004E00FE09CA0E1E7A5A0DFE74C
:10993000012C01D01CB1ACE001F02CFE01E001F0E3
:1099400057FE28F81740A2E044F20107844203D9E9
:109950000121AF8040200BE00022214640200DE095
:1099600036E044F20117844205D9AF80012141203D
:10997000FEF788FE8DE0002221464120FBF798FF8C
:109980000028B7D0AF8003B0BDEC028BBDE8F083F8
:1099900045F201072CB1012C03D00121AF805020EA
:1099A000E6E7002221465020E8E7012C71D1F8B209
:1099B00000222146FBF77CFF040068D039468BA0CB
:1099C000FBF7F0FA012040EA0720A8802046DAE7FA
:1099D00040F6C41084425CD83846FEF74BFD024680
:1099E000234639468CA0FBF7DDFA21461020FEF70E
:1099F000B1FDA8BB00EE104AB2EE048A28F8174069
:109A0000F8EE400A6C8180EE880AFAF757FD688903
:109A100000EE100AF8EE400A80EE880A10EE100AF6
:109A2000F6F783FC05460E463846FEF723FDCDE9E2
:109A3000005602462346394684A0FBF7B3FA26E0D7
:109A40003C2C26D83846FEF715FD024623463946FB
:109A500071A0FBF7A7FA21461420FEF77BFD50B159
:109A60003846FEF707FD02462346394687A0FBF736
:109A700099FA484687E728F81740AC813846FEF740
:109A8000F9FC0246234639468CA0FBF78BFA0020EE
:109A900079E7304677E70000A40700206000002047
:109AA0005B5245475F3078303031305D20537973F9
:109AB00074656D206E6F742072656164792C2073FB
:109AC000746174653D3078253034580D0A0000000B
:109AD0005B5245475F3078303031305D20517565DD
:109AE00075652066756C6C0D0A0000005B52454779
:109AF0005F3078303031305D20576F726B666C6F3D
:109B00007720656E7175657565640D0A000000004B
:109B10005B5245475F3078303031315D205175659B
:109B200075652066756C6C0D0A0000005B52454738
:109B30005F3078303031315D2053797374656D203A
:109B4000627573792C2073746174653D30782530AB
:109B500034580D0A000000005B5245475F307830F2
:109B60003031315D20496E697420776F726B666C9D
:109B70006F7720656E7175657565640D0A0000006C
:109B80005B5245475F3078303031325D205175652A
:109B900075652066756C6C0D0A0000005B524547C8
:109BA0005F3078303031325D20496D6D65646961B8
:109BB00074652073746F7020726571756573746558
:109BC000640D0A005B5245475F3078303031325DBA
:109BD0002053746F7020776F726B666C6F7720659F
:109BE0006E7175657565640D0A0000005B434F4D2D
:109BF000504F554E445D2051756575652066756CF6
:109C00006C2C20636D6420307825303258206472CB
:109C10006F707065640D0A005B504152414D5F5397
:109C20004156455D20626567696E207265673D300B
:109C30007825303458206E616D653D25732076613E
:109C40006C75653D25750D0A000000005B504152A2
:109C5000414D5F534156455D204F4B207265673D36
:109C6000307825303458206E616D653D257320763F
:109C7000616C75653D257520736574706F696E74D0
:109C80003D252E3166430D0A000000005B50415215
:109C9000414D5F534156455D204641494C20726518
:109CA000673D307825303458206E616D653D2573F1
:109CB0002076616C75653D25750D0A005B5041523B
:109CC000414D5F534156455D204F4B207265673DC6
:109CD000307825303458206E616D653D25732076CF
:109CE000616C75653D2575730D0A000005480068B7
:109CF00040680549C0F180000880044800210068E0
:109D000000F018BCFC1000208C0000205000002047
:109D1000F8B500F0BDFA194D2868C16821F01001AE
:109D2000C1602846F8F7EAFE05F5C0700068406893
:109D3000134EC0F1800084B23088844201D3211ACE
:109D40008CB244B1802C06D80E49224601440B48FF
:109D50008038F6F7C6FA80220A490848F9F730FA3F
:109D60002868C16841F01001C160286800210268BC
:109D70004068009031802046F8BD00007C0F002034
:109D80008C0000207C0E00207CB50C460546FEF7BA
:109D9000F3FF8DF8000045F080008DF801008DF88C
:109DA000024003216846FEF7FFFE8DF80300000A1B
:109DB0008DF804000521684600F001F87CBDFEF72F
:109DC00041BE00002DE9FF4FDFF808B304460F46FF
:109DD0009BF80400DBF80010801C4843ABF1100234
:109DE0004100BD4D5068C1B01E464FF00009A5F1BD
:109DF000180818B1924600F01FFB80B1D8F808107F
:109E0000491CC8F80810F72C04D855F82400401C49
:109E100045F8240000235D1ECDF800902BE1DAF810
:109E2000080090B38DF804408DF8057032460DF1AE
:109E300006004399F6F755FAB01C81B201A8FEF767
:109E4000B5FE01A931448870000AC870FFF74EFFC3
:109E5000361DB1B201A8DBF8002001F065F958B356
:109E6000DAF8040000F045FBD8F80810491CC8F8DF
:109E70000810F72C04D855F82400401C45F824009D
:109E800000239D1ECDF80090F5E0FFE7DAF804000E
:109E900000F02FFBD8F80810491CC8F80810F72C60
:109EA00004D855F82400401C45F8240000236FF026
:109EB0000905CDF80090DEE0D8F800004646401CC9
:109EC000C8F80000D046DBF80010DAF8080000F00F
:109ED00031FBA8B1D8F8040000F00BFBF068401C7F
:109EE000F060B068401CB060F72C04D855F824002E
:109EF000401C45F824000023DD1ECDF80090BAE098
:109F00000A20FFF705FFDFF8D4B10146ABF80010D7
:109F1000BBF8000004280FD2D8F8040000F0E9FADA
:109F2000B068401CB060F72C04D855F82400401CE1
:109F300045F8240058469AE0DFF8A4A19AF80000FA
:109F4000A04213D0D8F8040000F0D3FAB068401C47
:109F5000B060F72C04D855F82400401C45F82400C4
:109F60009AF8000000235D1F009084E05C49BBF874
:109F70000020BBF800300A4412F8022C1944BBF848
:109F8000000011F8011C42EA012A801E81B25448E7
:109F9000FEF70CFE824515D0D8F8040000F0A9FAAF
:109FA0003069401C3061B068401CB060F72C04D8A8
:109FB00055F82400401C45F8240000231D1FCDF84F
:109FC00000A058E046494878000623D550984FF045
:109FD000000A40B1BBF80000032804D391F802A0A6
:109FE000509981F800A0D8F8040000F082FA706956
:109FF000401C7061B068401CB060F72C04D855F864
:10A000002400401C45F8240053466FF00505CDF8A8
:10A01000009030E07268B146521C7260BBF80030AC
:10A02000881C5A461B1F9EB2032F05D0042F03D055
:10A03000012F01D0022F27D11088DA46032805D33B
:10A040008E78C81C1288711D91421DD9D8F8040061
:10A0500000F04FFAD9F80810491CC9F80810F72C7D
:10A0600004D855F82400401C45F8240050460088C8
:10A070000023DD1F00902A4639462046FEF7B8FF30
:10A08000284645B0BDE8F08F4E9949B146B1032F3F
:10A090000FD0042F0DD0014632464E98F6F721F925
:10A0A0004F9800B10680D8F8040000F022FA002092
:10A0B000E7E7002109E000BF00EB4102128853BA34
:10A0C0004E9A22F81130491C89B2B1EB560FF3D3E6
:10A0D000E6E7000058000020440200208A0000202B
:10A0E000FC0E00202DE9F0438146401EC5B06FF004
:10A0F0000804F72813D2501E782810D27BB1080A22
:10A100008DF80C008DF80D10100A8DF80E0050001F
:10A110008DF810008DF80F20002103A80FE02046D5
:10A1200045B0BDE8F08300BF33F81140260A00EBCC
:10A130004104667113F81160491CA67189B29142FD
:10A14000F2D300208DF80C01044680460520144E01
:10A1500000EB420714E043A9CDF80080CDE901816E
:10A16000BBB203AA10214846FFF72CFE05000ED013
:10A170003079A04202D90A2000F08AF8641CE4B2C7
:10A180003079A042E7D22A464946064803E024B186
:10A190002246494604A0FAF705FF2846C0E700001A
:10A1A000580000201CD500085B4D4F444255535FBA
:10A1B0004F4B5D20736C6176653D307825303258A9
:10A1C000207265636F76657265642072657472795A
:10A1D0003D25640D0A0000002DE9F0418046401E37
:10A1E00086B0F72804D36FF0080006B0BDE8F08110
:10A1F000080A8DF80C00100A8DF80D1000258DF856
:10A200000E008DF80F208DF810502C46124F13E0E1
:10A2100004A80095CDE90150042303AA0621404675
:10A22000FFF7D0FD06000ED03879A04202D90A20EF
:10A2300000F02EF8641CE4B23879A042E8D232462D
:10A240004146064803E024B12246414604A0FAF7FD
:10A25000A9FE3046C9E700005800002084D4000859
:10A260005B4D4F444255535F4F4B5D20736C61769D
:10A27000653D307825303258207265636F7665729F
:10A2800065642072657472793D25640D0A000000D2
:10A2900010B5EFF3058111B16FF0050403E0002460
:10A2A00008B101F02FFD204610BDEFF3058008B185
:10A2B00002F0B4BC02F0ACBCEFF3058010B16FF05B
:10A2C000050070470448016811B14FF0FF30704736
:10A2D0000121016000207047F000002010B5EFF36D
:10A2E000058010B16FF0050010BD08480168012914
:10A2F00002D04FF0FF3010BD054A002182F8141D36
:10A300000221016001F0AEFD002010BDF000002030
:10A310000BE000E0F8B51D466FF003026FF0020697
:10A320004FF00004EFF30583A3B1F0B1E9B1E5B953
:10A33000002200926A4602F09BFA012817D1009889
:10A34000B0B10C494FF080500860BFF34F8FBFF39E
:10A350006F8F0DE048B141B12A4602F0EDF90128B6
:10A3600006D025B16FF0010402E0144600E0344647
:10A370002046F8BD04ED00E0F8B514464FF00005A6
:10A38000EFF3058212BB08B301B3A4B1D4E90232E2
:10A3900063B1502A1AD32269C2B1676900FB01F682
:10A3A000B74213D3009501F0D3FF07E072B92269D9
:10A3B00062B9626952B9002201F0A9FF050005D017
:10A3C0000CB1216800E0002101F03AFC2846F8BDFC
:10A3D000F8B51D466FF003026FF002064FF000045F
:10A3E000EFF30583ABB100B3F9B1F5B90022134621
:10A3F00000926A4602F0D4F8012818D10098B8B14A
:10A400000C494FF080500860BFF34F8FBFF36F8F40
:10A410000EE050B149B100232A4602F011F801289C
:10A4200006D025B16FF0010402E0144600E0344686
:10A430002046F8BD04ED00E02DE9F0410D4601464F
:10A4400020F0010001F001014FF00004EFF305825C
:10A450000AB1A41F16E048B100296FF001066FF0A1
:10A460000207294608D002F00DFB07E06FF0030455
:10A4700008E035B1344605E002F048FA0128F8D189
:10A4800000E03C462046BDE8F08170B505464FF03F
:10A490000004EFF3058050BB0DB1686800E00020B8
:10A4A000C10701D0012600E0002600071FD46DB1CE
:10A4B000D5E9021021B1502819D31EB1042002E0C1
:10A4C00020B114E0012001F015FF05E00EB10420D9
:10A4D00000E0012001F003FF040008D00DB129685D
:10A4E00000E0002101F0ACFB0EB144F00104204675
:10A4F00070BD70B5014620F0010001F001014FF080
:10A500000004EFF305820AB1A41F11E028B16FF037
:10A51000020529B102F0F1F807E06FF0030407E04B
:10A5200000231A46194601F08BFF012800D02C4663
:10A53000204670BDF8B50D460024211F4E1C002892
:10A5400003D0EFF30582A2B10DB10C461BE0002150
:10A550006A46009102F08CF9012813D1009890B15D
:10A560000A494FF080500860BFF34F8FBFF36F8FE1
:10A5700009E0294602F0CAF9012804D015B16FF0AC
:10A58000010400E034462046F8BD000004ED00E080
:10A59000F8B5144603460E464FF00005EFF305806C
:10A5A00098BB93B39E423DD84CB1A0680028E068A8
:10A5B00003D0502836D3012002E008B132E0002059
:10A5C000012B05D010B31846A26801F068FE20E008
:10A5D00040B103200090002211460120A36801F041
:10A5E000B7FE04E003220021012001F090FE0500E7
:10A5F00018D086B100231A46194601F021FF012820
:10A6000009D0284601F030FB00250BE0184601F088
:10A6100029FE050006D00CB1216800E00021284683
:10A6200001F00EFB2846F8BD38B50024E51E0028D1
:10A630000AD0EFF30581A9B100210091694602F02B
:10A640000EF8012815D102E06FF0030412E0009823
:10A6500080B109494FF080500860BFF34F8FBFF3BE
:10A660006F8F07E000231A46194601F0E9FE012822
:10A6700000D02C46204638BD04ED00E02DE9FF4116
:10A680000B464FF00005EFF30581039549BB40B33E
:10A690008027182100244AB3166806B1344696690B
:10A6A0001EB13146761E382E02D21679F60703D037
:10A6B000002004B0BDE8F081566906B1B708D2F8B1
:10A6C00008C0BCF1000F0DD0D5685C2D18D31269FD
:10A6D0003AB136B18DE806103A46214602F059FAF1
:10A6E00003900DE0D6685EB912694AB903AACDE9B4
:10A6F0000012BAB2214602F01FFA012800D00395D9
:10A700000398D6E710B5EFF3058111B16FF005049A
:10A7100003E020B1002401F0E9FB204610BD6FF0FA
:10A720000304FAE72DE9F041134C0F460546E668AD
:10A730002068001D01F086F9681C07D137B1216837
:10A74000BDE8F0410D48091D01F0CCB92068354441
:10A75000B5424560216805D2A06BBDE8F041091DF6
:10A7600001F0A8B9606B091D01F0A4F9A06A854247
:10A7700000D2A562BDE8F081A0000020D41800201E
:10A780002DE9F041054601F0B9F92D4CA068401CB7
:10A79000A06020682B4F10B1606930B32BE02560BA
:10A7A000A068012827D1002606EB860007EB800071
:10A7B00001F072F9761C382EF6D3234801F06CF9BB
:10A7C0002148143001F068F91F48283001F064F97D
:10A7D0001D483C3001F060F91B48503001F05CF935
:10A7E000194860631430A06305E02068E96AC06A14
:10A7F000884200D82560606A401C60626864E86A2C
:10A800002169884200D9206100EB800007EB8000BD
:10A81000291D01F067F901F091F9606900280CD059
:10A820002068E96AC06A884207D208494FF0805020
:10A830000860BFF34F8FBFF36F8FBDE8F08100005A
:10A84000A0000020241400208418002004ED00E063
:10A8500038B501F053F9104C2068C8B90F4801F021
:10A860001BF90E48143001F017F90C48E060143061
:10A8700020610A4B0020F03B009003F150021021B0
:10A880000A2001F065FD206010B105A101F0D8F9A2
:10A89000BDE8384001F052B9DC000020D819002092
:10A8A000546D72510000000030B4026C0B46002A57
:10A8B0000BD0C1681144C1608468A14201D3016812
:10A8C000C16030BC1846F5F70CBD30BC70472DE9AF
:10A8D000F041856B174604460026026C82B1C7B171
:10A8E000E068F5F7FEFCE168206C091AE160226877
:10A8F000914202D2A168081AE060022F16D017E038
:10A900002068A8B9A06802F0F5F906460020A0600A
:10A910000EE06068F5F7E5FC216C60680844606053
:10A92000A168884204D32068606001E005B16D1E13
:10A930006D1CA5633046BDE8F08110B5044690F863
:10A94000590058B101280CD002280FD0502080F3B4
:10A950001188BFF34F8FBFF36F8FFEE7206B01F0BD
:10A9600001F92046BDE8104001F0FCB810BD000020
:10A9700010484FF47051420706D0C01D0D4920F019
:10A980000700411AC1F570510B4A00230144C2E986
:10A9900000030839183A21F0070111604B600B6081
:10A9A0000B1AC0E9001393604FF0004053605061F0
:10A9B00070470000B82000200C010020144E154CF8
:10A9C000A6F29C474FF08058DFF84C9012E000BF91
:10A9D00001F094F8F068C568281D01F033F8A0680C
:10A9E000401EA0606068401E606001F0A7F8284625
:10A9F000FFF7A3FF60680028EAD138680128F9D979
:10AA0000C9F80080BFF34F8FBFF36F8FF2E70000EC
:10AA1000C0180020A000002004ED00E0002807D0AE
:10AA20000021816001600B460A46C16001F008BD4B
:10AA30007047000070B51D46049C51B1C4F8002059
:10AA4000C4E90F010121204601F0B6FC84F84C5006
:10AA500070BD2460F4E700002DE9F05F8846DDE971
:10AA60000B941546834691009A460A9EA522206BB8
:10AA7000F5F749FC6FF00301206B01EB85010844F9
:10AA800020F00707780707D0502080F31188BFF324
:10AA90004F8FBFF36F8FFEE70025B8F1000F0FD087
:10AAA0005FF00000221818F8001082F8341018F82F
:10AAB000001011B1401C1028F4D384F8435001E079
:10AAC00084F83450382E00D33726E662C4E9136583
:10AAD000201D00F0ECFF04F1180000F0E8FF2461F5
:10AAE000C6F138006462A061656584F8585052462A
:10AAF0005946384600F066FA2060B9F1000F01D0DF
:10AB0000C9F80040BDE8F09F30B5114900E011469A
:10AB10000A688242FBD34B685C18844203D14068C8
:10AB200018444860084643681C18944209D1084CF0
:10AB3000183C2468A24209D052681A4442600A684C
:10AB400012680260814200D0086030BD0460F9E7FD
:10AB50000C01002070B5002441600B4D0061914252
:10AB600006D8D11A8269914206D2011D286907E0F0
:10AB70009A4203D2994201D3012403E0011DE868FF
:10AB800000F098FF204670BDDC00002010B50446A0
:10AB900000F0B4FFA06B28B15FF0000400F0CEFF1E
:10ABA000204610BD0124F9E730B589B03C4D6EE078
:10ABB0000498002806DADDE90601059A9047049812
:10ABC000002864DB069C606910B1201D00F03AFF8C
:10ABD00003A800F0D7F8024604980A2857D2DFE805
:10ABE00000F00505052D334A05052D3394F828009E
:10ABF00040F0010084F828000599A069059B0144F4
:10AC00002046FFF7A7FF68B3216A2046884794F8DB
:10AC1000280040073BD5002000900598A16900233B
:10AC200042181946204602F0ABF9D8B9502080F3FB
:10AC30001188BFF34F8FBFF36F8FFEE714F8280F13
:10AC400020F00100207022E094F8280040F001007C
:10AC500084F828000598A06128B181181346204681
:10AC6000FFF778FF13E0502080F31188BFF34F8F78
:10AC7000BFF36F8FFEE794F82800810703D42046C6
:10AC800000F070FF03E020F0010084F828000022AB
:10AC900004A9286801F050FD002889D109B030BD11
:10ACA000DC0000202DE9FC410F46054601F06CF95F
:10ACB00001A800F067F80446019818B102F0CEF838
:10ACC000BDE8FC81254EAFB130690068D0B30027E4
:10ACD000291B3A46306800F0F3FF02F0BFF8002865
:10ACE000EED11F494FF080500860BFF34F8FBFF384
:10ACF0006F8FE5E7A542EBD802F0B0F8F068274681
:10AD0000C068C468201D00F09DFE94F8280041072B
:10AD100019D5A0692B4641193A462046FFF71AFF7C
:10AD2000A8B100200346014600902A46204602F0C2
:10AD300027F960B9502080F31188BFF34F8FBFF31C
:10AD40006F8FFEE707E020F0010084F82800216AF9
:10AD500020468847B4E70127BAE70000DC0000205E
:10AD600004ED00E00648416B096829B1416BC968F0
:10AD7000C9684968816270474FF0FF31FAE7000007
:10AD8000A000002070B5054601F042FF064E0446C3
:10AD9000B068844203D200F009F8012000E00020EE
:10ADA00028602046B46070BDDC000020F8B5194D65
:10ADB00020E0C068C4680668201D00F043FE216AD8
:10ADC0002046884794F82800400713D5A0693044EE
:10ADD000B04206D924616060211DE86800F06AFE77
:10ADE00008E000200346014600903246204602F06B
:10ADF000C7F838B1E86801680029DAD12969C5E9DE
:10AE00000310F8BD502080F31188BFF34F8FBFF3BC
:10AE10006F8FFEE7DC00002008484068401C4FF0C0
:10AE2000500080F3118804D0BFF34F8FBFF36F8FB2
:10AE3000FEE7BFF34F8FBFF36F8FFEE714010020D3
:10AE4000074CE068016841B1C0680021D0F80000FB
:10AE5000FFF728FFFFF7A8FEF3E701210020F7E73F
:10AE6000DC0000202DE9F041044600F047FE94F993
:10AE7000455004F1240609E0606A48B1304601F00B
:10AE8000B5FF08B100F06CFF6D1E6DB2002DF3DC54
:10AE90004FF0FF3684F8456000F050FE00F02EFEC3
:10AEA00094F9445004F1100709E0206948B138468C
:10AEB00001F09CFF08B100F053FF6D1E6DB2002D34
:10AEC000F3DC84F84460BDE8F04100F037BE0000D8
:10AED0002DE9F0410546002701F056F8324E306862
:10AEE00008B9FFF745FD706905424ED1C5B3083575
:10AEF00068070ED005F00700C0F108000544680798
:10AF000007D0502080F31188BFF34F8FBFF36F8FAE
:10AF1000FEE72DB37068854237D8234818300146C4
:10AF20000C6801E020460C466168A94202D2216803
:10AF30000029F7D131688C4227D007682168016069
:10AF400060680837411B10290FD96019420708D0E3
:10AF5000502080F31188BFF34F8FBFF36F8FFEE750
:10AF600013E041606560FFF7CFFD61687068401ACB
:10AF70007060B268904200D2B060706901430020F6
:10AF8000C4E90001F068401CF06001F067FF780739
:10AF900007D0502080F31188BFF34F8FBFF36F8F1E
:10AFA000FEE73846BDE8F081F40000200449086857
:10AFB00018B10868026D521C0265086870470000ED
:10AFC000A000002010B5031F4FF080741C601B1FF1
:10AFD00021F001011960191F044B0B6014390A603C
:10AFE000091F6FF0020244380A6010BD19AE000854
:10AFF0007CB505460020164C0246009010212046E4
:10B00000F5F7A5FF13A04FF0FF3600680190334617
:10B01000012201A92846F7F77BFA33460322694645
:10B020002846F7F7CBF9012210212046F5F78FFFCC
:10B030009DF800109DF80120080440EA02209DF8C8
:10B0400002201043090601D540F07F407CBD00007E
:10B050000000024012000000B0EE401A11EE100A8B
:10B06000274908442749884202D39FED270A7047A1
:10B070009FED262AB7EE000A11EE100AC1EE020A71
:10B080002449DFED252A88424FF0000070EEC01AF7
:10B09000DFED1F0A81EEA00A0CDB00BF20EE222AA2
:10B0A000B0EE611A401C052802EE401A81EE200A1B
:10B0B000F4DB70479FED194ADFED194A9FED195AED
:10B0C000B0EE611A20EE223A00EE601A70EE423ABB
:10B0D00060EE055A401C052803EE401A20EE043AA3
:10B0E00023EE003A03EE631AB0EE603A00EE243A23
:10B0F00025EE800A00EE233A81EE030AE0DB70477A
:10B100000000E0BE0100DA020000C07F0000C8427B
:10B110003211803B0000C8427F051BB51D2D93AC4A
:10B120007F059BB5ACC35CAD13460A4610B501461E
:10B130000348F8F755F8002801D04FF0FF3010BD54
:10B140007C0F00202DE9FE43814601460020FCF7DC
:10B1500047FE02006FF0020604D0494627A0F9F727
:10B1600021FF14E09620FCF7F7FF6FF0030700289B
:10B1700039D196244FF0FF3842F2107501A9002012
:10B18000FCF77CFE010005D02CA0F9F70BFF304640
:10B19000BDE8FE839DF80400012808D0022806D0EF
:10B1A000E8B1C1B233A0F9F7FDFE4046F0E702A9CD
:10B1B0000020FCF776FE40B123469DF80420494666
:10B1C0003848F9F7EFFE0020E2E700949DF80430DC
:10B1D000BDF8082049463448F9F7E4FEF3E7642057
:10B1E000FCF7BAFF08B13846D2E76434AC42C5D3A5
:10B1F0002A4649462DA0F9F7D5FED6E75B434D44D4
:10B200005F3078303036315D2053746570322053B2
:10B2100075636B2063796C206D6F766520636D6458
:10B22000204641494C207461726765743D25752044
:10B230007265743D25640D0A000000005B434D44B7
:10B240005F3078303036315D205374657032205372
:10B2500075636B2063796C2073746174652072650B
:10B260006164204641494C207265743D25640D0A95
:10B27000000000005B434D445F3078303036315D74
:10B28000205374657032205375636B2063796C2092
:10B29000696E76616C69642073746174653D2564C0
:10B2A0000D0A0000B8D5000810D600085B434D44D5
:10B2B0005F3078303036315D205374657032205302
:10B2C00075636B2063796C20646F776E2074696D91
:10B2D000656F7574207461726765743D25752028EB
:10B2E00025756D73290D0A0070B500210846FCF71D
:10B2F000FAFD040004D001460EA0F9F753FE17E052
:10B300001CA0F9F74FFE002542F2107600213246CC
:10B310000846FCF771FD04000AD0201D08D0234622
:10B320000322691C21A0F9F73DFE6D1C032DEDDB06
:10B33000204670BD5B434D445F3078303036315D20
:10B340002044697361626C65207075736820736551
:10B35000676D656E74206265666F726520726574D4
:10B3600075726E204641494C207265743D25640D0E
:10B370000A0000005B434D445F3078303036315D69
:10B380002050757368207365676D656E74206469FD
:10B390007361626C6564206265666F7265207265B8
:10B3A0007475726E20746F20300D0A005B434D443B
:10B3B0005F3078303036315D20436C65616E75707A
:10B3C0002072657475726E20617474656D7074207E
:10B3D00025642F2564204641494C20287265743D20
:10B3E0002564290D0A00000038B504460020ADF898
:10B3F000000001226B4641211046FDF7D9FE0028CE
:10B4000002D1BDF80010217038BD02221146012082
:10B41000FEF7E2BE024690210120FEF7DDBE0246A5
:10B4200091210120FEF7D8BE024604210120FEF73B
:10B43000D3BE024603210120FEF7CEBE0122022127
:10B440001046FEF7C9BE0146012000F005B80146CE
:10B45000002000F001B800002DE9F84300250F4658
:10B4600004462E1F6FF0010837E000BFFDF79AFF7A
:10B4700098B93220FEF70CFF68463235FFF7B4FF6B
:10B48000002838D19DF80000A04220D1012C1CD109
:10B49000C8270025FDF786FF10B13046BDE8F883C8
:10B4A0003220FEF7F5FE68463235FFF79DFF002893
:10B4B00021D19DF80000A04205D0C2B221460FA0C4
:10B4C000F9F770FD17E0BD42E4D30020E6E7012C58
:10B4D00003D103280BD0022809D0BD42C6D33A4677
:10B4E000214616A0F9F75EFD4FF0FF30D6E7C1B256
:10B4F0001CA0F9F757FD4046D0E700005B535543C9
:10B500005D205374617465206368616E67656420B3
:10B51000647572696E6720636F6E6669726D3A203A
:10B5200065787065637465643D2564206163747536
:10B53000616C3D25645C725C6E0000005B5355439A
:10B540005D20576169742073746174653D256420C2
:10B5500074696D656F75742028256C756D73290D80
:10B560000A0000005B5355435D20576169742068F1
:10B570006F6C64206661696C65643A2073746174F1
:10B58000653D25640D0A0000014800787047000001
:10B590000000002010B50748012101704068F4F751
:10B5A000C4FE41EC100BBDE8104053EC102B02A080
:10B5B000F9F7F8BC000000205B54454D505D205465
:10B5C000656D706572617475726520636F6E7472FB
:10B5D0006F6C20737461727465642C207365747071
:10B5E0006F696E743D252E3066430D0A0000000021
:10B5F00070B5054C00252570FDF714FA6570BDE89F
:10B60000704002A0F9F7CEBC000000205B54454D0D
:10B61000505D2054656D706572617475726520634C
:10B620006F6E74726F6C2073746F707065640D0A46
:10B63000000000002DED068B86B000244FF4FA7553
:10B640009748FAF767F9002833D0611C95A0F9F7FD
:10B65000A9FC2846F5F764FB641C032CF0DB9CA0D6
:10B66000F9F7A0FC0120FDF783FF0020FFF74AF85F
:10B67000002442F2107B9FEDA0AADFEDA09A9FED7F
:10B68000A09ADFF880A200BFFEF70FFE81460021DE
:10B690008348FAF745FAB0EE408A01218048FAF76C
:10B6A0003FFAF0EE408A18EE100AF9F78BFC48B921
:10B6B00003E095A0F9F776FCDAE718EE900AF9F7BF
:10B6C00081FC00B10120FDF753FF18EE100A20F0B5
:10B6D0000040C0F1FF40002801D48AED028AA9EBA6
:10B6E0000401594532D34C46DAF80400F4F71DFE44
:10B6F0000746884618EE900AF9F764FC08B1F0EEA8
:10B700004A8A18EE900AF4F710FE05460E4618EE27
:10B71000100AF9F757FC10B1B0EE4A0A01E0B0EE9A
:10B72000480A10EE100AF4F700FE41EC100B9AF8EC
:10B73000000008B17DA000E07DA0CDE903808DE888
:10B74000E00053EC102B7BA0F9F72CFC9AF80000DA
:10B75000554650B118EE100A20F00040C0F1FF40ED
:10B76000002808D5FDF75EF993E0FDF75BF90020AE
:10B770006870C82090E0D5ED010A95ED020A78497D
:10B7800030EEC00A10EE100A85ED060A884204DD8C
:10B7900085ED0A9AC5ED089A44E010EE100A714949
:10B7A00088420CDA10EE100A6F49884207D2D5EDB4
:10B7B000080AB6EE001A40EE010AC5ED080A6B4809
:10B7C000296A814201DD85ED089A694A296A914218
:10B7D00003D9DFED680AC5ED080AD5ED070A30EE9A
:10B7E000601A85ED091AD5ED030AD5ED041A95ED19
:10B7F000082A60EE800A41EE820AD5ED051A41EE74
:10B80000810A10EE901AC5ED0A0A814201DD85ED2C
:10B810000A9AD5ED0A0AF5EEC00AF1EE10FA01D245
:10B82000C5ED0A9A85ED070A95ED0A0ADFED520A81
:10B8300010EE101A514A60EE200A914280EE891AE9
:10B84000FCEEC10A10EE900AE86202DBFDF7F2F8A6
:10B850001FE010EE101AB1F17E5F83DD697811B13F
:10B86000012907D00FE001206870CAF83090FDF779
:10B87000E1F810E02A6BA9EB0201814203D3FDF746
:10B88000D1F802206870296BA9EB0100B0F5FA6FBE
:10B8900001D3002068706420FEF7FAFCF4E6000093
:10B8A000CC0900205B54454D505D2041445331325A
:10B8B0003453303820696E6974206661696C656440
:10B8C0002C2072657472792025642F330D0A0000D4
:10B8D0005B54454D505D20464154414C3A20414413
:10B8E0005331323453303820696E6974206661698F
:10B8F0006C65640D0A00000000C079C400000000FF
:10B900000000C842000000205B54454D505D2041BE
:10B91000445331323453303820696E697420737562
:10B92000636365737366756C0D0A00004F4E00000B
:10B930004F46460054313D252E3166432020543277
:10B940003D252E31664320205365743D252E3066FB
:10B950004320204374726C3D25730D0A00000000E3
:10B960000000A04100002041000020C10000C842AA
:10B970000000C8C20000C8C20000FA440000C6426D
:10B980001E4EC2B04FF0FF373B460022694630687A
:10B99000FEF7C0FCF8B9BDF800416D46042C1AD37F
:10B9A000FDF7EAF99DF80010884214D1281930F803
:10B9B000028CA01E81B22846FDF7F6F880450AD118
:10B9C0009DF8010003280AD006280DD0102810D0B9
:10B9D0000121FEF7D9F90A20FEF75AFCD4E72146E7
:10B9E0002846FDF7CFF9F6E721462846FDF792FAFB
:10B9F000F1E721462846FDF727FAECE7440000204E
:10BA00000D4810B50068C16841F01001C1604FF4E5
:10BA100080620A490848F7F7D3FB074848380068AE
:10BA2000C16841F01001C1600549BDE810408022A5
:10BA300001F58070F7F7C4BBC40F00207C0A00201A
:10BA40007C0E0020D0E9013201699A60D0E901231F
:10BA50005A604A68824201D182684A6000220261CB
:10BA60000868401E0860086870470000034B0360C8
:10BA700003F15C000860802010607047001A00200D
:10BA8000044B036003F15C0008604FF480701060A9
:10BA9000704700005C1C002000F108014FF0FF32ED
:10BAA000C0E90112C16001610021016070470021FD
:10BAB0000161704730B50B685A1C02D000F10802D2
:10BAC00002E0026904E02246546825689D42FAD9E2
:10BAD00053684B6099608A60516008610168491C35
:10BAE000016030BD42684A6093688B60936859601A
:10BAF000916008610168491C01607047502080F323
:10BB00001188BFF34F8FBFF36F8F0A494868401CFD
:10BB1000486001280CD10848006810F0FF0F07D0DA
:10BB2000502080F31188BFF34F8FBFF36F8FFEE774
:10BB3000704700001401002004ED00E00849486847
:10BB400028B1401E486001D180F311887047502011
:10BB500080F31188BFF34F8FBFF36F8FFEE70000B4
:10BB60001401002070B500282AD0164DA0F1080459
:10BB700060686969084207D1502080F31188BFF3DB
:10BB80004F8FBFF36F8FFEE722683AB1502080F3EA
:10BB90001188BFF34F8FBFF36F8FFEE7884360605C
:10BBA00000F0F2F960686968084468602046FEF7B2
:10BBB000ABFF2869401C2861BDE8704001F04EB918
:10BBC00070BD0000F40000204FF0E0200021016172
:10BBD000816105494FF47A720968B1FBF2F1491E9F
:10BBE00041610721016170479C00002010B5F4F706
:10BBF00031FB114910280ED300F1E02090F8F0033A
:10BC00000A78904207D2502080F31188BFF34F8FFB
:10BC1000BFF36F8FFEE709480068896800F4E060B1
:10BC2000884207D9502080F31188BFF34F8FBFF3AC
:10BC30006F8FFEE710BD0000140100200CED00E046
:10BC400010B5084B002200BF53F832401CB1521C03
:10BC5000082AF9D310BD43F8321003EBC201486043
:10BC600010BD0000E413002010B504000AD000F05D
:10BC700013F894F8460000280CD12046BDE8104087
:10BC8000FFF770BF502080F31188BFF34F8FBFF3D1
:10BC90006F8FFEE710BD0000084A002102EBC103D0
:10BCA0005B68834206D1002042F8310002EBC101FB
:10BCB00048607047491C0829F0D37047E4130020FE
:10BCC00070B515460E460446FFF718FF94F9441068
:10BCD0000020491C01D184F8440094F94510491C06
:10BCE00001D184F84500FFF729FFA06B28B92A4647
:10BCF000314604F1240000F051F82046BDE87040C0
:10BD0000FFF7B0B810B5020014D00F48006B38B17F
:10BD1000502080F31188BFF34F8FBFF36F8FFEE782
:10BD200000F032F900211046FEF7FCFC01F096F815
:10BD3000002807D105494FF080500860BFF34F8FAE
:10BD4000BFF36F8F10BD0000A000002004ED00E0E5
:10BD500002490A6A0260C96841607047A000002079
:10BD600001490120C8617047A000002010B50C46B1
:10BD700050B1094909681831FFF79CFE2046BDE81B
:10BD800010400121FEF7CEBC502080F31188BFF394
:10BD90004F8FBFF36F8FFEE7A000002070B51446F1
:10BDA0000D4668B10A4909681831FFF79BFE0CB1CE
:10BDB0004FF0FF3521462846BDE87040FEF7B2BC83
:10BDC000502080F31188BFF34F8FBFF36F8FFEE7D2
:10BDD000A000002070B504003ED0226DA2B1E06C3E
:10BDE000884200D30146E06A884235D0012A33D127
:10BDF0001A4D2A6894420FD1502080F31188BFF366
:10BE00004F8FBFF36F8FFEE7502080F31188BFF391
:10BE10004F8FBFF36F8FFEE7E162A269002A02DB5A
:10BE2000C1F13801A1610E4E00EB8000616906EBA3
:10BE30008000814210D1201DFFF704FEE06A2969CD
:10BE4000884200D9286100EB800006EB8000211DAC
:10BE5000BDE87040FFF746BE70BD0000A0000020A6
:10BE60002414002030B587B00024039405AA04A947
:10BE700003A80494FFF7FAFDDDE903010094CDE97E
:10BE80000110002315A11748059A00F082FE164DF7
:10BE90000028E8621FD001F043F8012809D0401CB7
:10BEA00019D1502080F31188BFF34F8FBFF36F8FEC
:10BEB000FEE7502080F31188BFF34F8FBFF36F8FE1
:10BEC0004FF0FF30A86201206861EC6007B0BDE868
:10BED000304000F037B907B030BD000049444C4550
:10BEE00000000000BDA90008A000002070B50446B5
:10BEF000FFF704FE214D04B92C68201DFFF7A2FDB9
:10BF0000A06A18B104F11800FFF79CFD211D1C4820
:10BF1000FFF7E8FD94F858000026012801D184F8C5
:10BF20005860FFF70BFE686928B1FFF7E7FDFEF7E1
:10BF300019FFFFF703FE2868844213D1686990B1A6
:10BF4000286B38B1502080F31188BFF34F8FBFF3B7
:10BF50006F8FFEE70B494FF080500860BFF34F8FA3
:10BF6000BFF36F8F70BD06480068A968884201D191
:10BF70002E6070BDBDE8704000F00EB8A00000203B
:10BF8000D418002004ED00E00248016B491C016355
:10BF900070470000A0000020164810B5016B11B1D9
:10BFA0000121C16110BD0021C1610169124A01E096
:10BFB000B9B1491E01EB810352F82330002BF7D0B1
:10BFC00001EB810302EB830202F1080453685B6812
:10BFD0005360A34201D15B685360DA68026001617B
:10BFE00010BD502080F31188BFF34F8FBFF36F8FC8
:10BFF000FEE70000A0000020241400202DE9F041FD
:10C00000F4F7AAFF134E044604213046F4F792FFDA
:10C0100005464FF4FA7714E0F4F79EFF001BB84290
:10C020000FD9F4F799FF041B04213046F4F782FF7F
:10C0300002462346294608A0F8F7B4FF0020BDE8D1
:10C04000F08104213046F4F775FF0128E4D0012087
:10C05000F5E70000000802405B4144535D20445274
:10C0600044592054494D454F55542120696E6974F7
:10C0700069616C3D25642C2063757272656E743D38
:10C0800025642C20656C61707365643D256C750DAD
:10C090000A0000001CB54FF47A73B1FBF3F403FB04
:10C0A0001414B1FBF3F3CDE900420A46014602A0A5
:10C0B000F8F778FF1CBD00005B574F524B464C4FC2
:10C0C000575D20257320656C61707365643A202587
:10C0D0006C756D732028256C752E2530336C757347
:10C0E000292C20726573756C743D25730D0A000050
:10C0F00073B50A4C0546002210212046F4F727FFAD
:10C100004FF0FF33012201A92846F6F701FA012278
:10C1100010212046F4F71BFF7CBD00000000024008
:10C1200008B56B46ADF80010090CADF802100146D9
:10C1300002220420FDF7D6FF08BD0A46014604206E
:10C14000FEF74AB81CB537480168374A914207D113
:10C15000502080F31188BFF34F8FBFF36F8FFEE73E
:10C1600000683149491E884207D1502080F3118868
:10C17000BFF34F8FBFF36F8FFEE72C490878019014
:10C18000FF20087008788DF800009DF800009DF8E9
:10C19000002000F0F000904207D0502080F311887A
:10C1A000BFF34F8FBFF36F8FFEE79DF80000204C69
:10C1B00000F0500020700720A06005E09DF80020EE
:10C1C00052008DF80020401E9DF800201206F5D484
:10C1D000A060032807D0502080F31188BFF34F8F51
:10C1E000BFF36F8FFEE74FF44070A06001980870B6
:10C1F0000C482030016841F470010160016841F091
:10C2000070410160FFF7E0FC00206060F3F7EAFF97
:10C210000848016841F040410160F3F7CFFF00207A
:10C220001CBD000000ED00E071C20F4100E400E021
:10C230001401002034EF00E010B5502080F3118885
:10C24000BFF34F8FBFF36F8F00F0F0FC18B10449BC
:10C250004FF080500860002080F3118810BD00006E
:10C2600004ED00E010B50C4648B184420FD95020CF
:10C2700080F31188BFF34F8FBFF36F8FFEE750201D
:10C2800080F31188BFF34F8FBFF36F8FFEE7022259
:10C29000002100F03CF8002800D0846310BD38B5C0
:10C2A0000C4648B184420FD9502080F31188BFF367
:10C2B0004F8FBFF36F8FFEE7502080F31188BFF3DD
:10C2C0004F8FBFF36F8FFEE70221134600220091CC
:10C2D000114600F03DF8002800D0846338BD10B549
:10C2E00002460021012000F012F80446FEF796FBFA
:10C2F000204610BD38B50B460022009011460120A3
:10C3000000F026F80446FEF789FB204638BDF8B554
:10C3100017460E46050013D005FB06F05030FEF719
:10C32000D7FD04000AD0002084F8460004F1500232
:10C330003B46314628460094FEF77CFB2046F8BD7C
:10C34000502080F31188BFF34F8FBFF36F8FFEE74C
:10C3500038B5049D18B153B1CAB181B120E0502065
:10C3600080F31188BFF34F8FBFF36F8FFEE750202C
:10C3700080F31188BFF34F8FBFF36F8FFEE750201C
:10C3800080F31188BFF34F8FBFF36F8FFEE739B192
:10C39000502080F31188BFF34F8FBFF36F8FFEE7FC
:10C3A00050241C46012384F846302B460094FEF7A7
:10C3B00041FB204638BD000070B50D46040025D075
:10C3C000FFF79CFBD4E90F20216802FB0011A1605C
:10C3D0000021A163216861600A46D4E90F01401E73
:10C3E00000FB0121E16021464FF0FF3001F8440FCE
:10C3F000487004F110008DB1FFF74EFB04F12400EA
:10C40000FFF74AFBFFF79AFB012070BD502080F335
:10C410001188BFF34F8FBFF36F8FFEE721690029AB
:10C42000F0D000F0E3FC0028ECD004494FF080503D
:10C430000860BFF34F8FBFF36F8FE3E704ED00E0B9
:10C440002DE9FF4782B01D468A464FF000080400E0
:10C4500003D0BAF1000F08D011E0502080F311880A
:10C46000BFF34F8FBFF36F8FFEE7206C38B15020C2
:10C4700080F31188BFF34F8FBFF36F8FFEE7022D5C
:10C480000AD1E06B012807D0502080F31188BFF358
:10C490004F8FBFF36F8FFEE700F0ACFB3F4F4FF0C5
:10C4A00000094FF0805648B9049838B1502080F305
:10C4B0001188BFF34F8FBFF36F8FFEE7FFF71EFBAF
:10C4C000A06BE16B884207D3022D05D00498D0B150
:10C4D000B8F1000F1AD01EE02A4651462046FEF75A
:10C4E000F6F9616A19B104F1240000F07FFC20B173
:10C4F0003E60BFF34F8FBFF36F8FFFF71FFB01202D
:10C5000006B0BDE8F087FFF719FB22E06846FFF7A9
:10C510001FFC4FF00108FFF711FBFFF735FDFFF798
:10C52000EDFA94F94400401C01D184F8449094F948
:10C530004500401C01D184F84590FFF7FFFA04A99B
:10C54000684600F0BFFA30B12046FEF78BFC00F0E1
:10C5500085FC0020D4E7FFF7D1FAA06BE16B88429D
:10C5600013D1FFF7EBFA04F110000499FFF7FEFB7B
:10C570002046FEF777FC00F071FC00289ED13E605B
:10C58000BFF34F8FBFF36F8F98E7FFF7D7FA2046BF
:10C59000FEF768FC00F062FC90E7000004ED00E0AC
:10C5A0002DE9F0471F4690468946040003D0B9F1B3
:10C5B000000F08D011E0502080F31188BFF34F8F97
:10C5C000BFF36F8FFEE7206C38B1502080F31188E5
:10C5D000BFF34F8FBFF36F8FFEE7022F0AD1E06BDF
:10C5E000012807D0502080F31188BFF34F8FBFF38D
:10C5F0006F8FFEE7FFF7FAFA5020EFF3118680F312
:10C600001188BFF34F8FBFF36F8FA06BE16B884230
:10C6100006D3022F04D0002086F31188BDE8F087EE
:10C6200094F94550A06B3A4649462046FEF74FF92B
:10C63000681C04D06D1C84F845500120ECE7606A4A
:10C640000028FAD004F1240000F0D0FB0028F4D038
:10C65000B8F1000FF1D00121C8F80010EDE770B576
:10C660000E46040009D0206C78B1502080F3118868
:10C67000BFF34F8FBFF36F8FFEE7502080F3118819
:10C68000BFF34F8FBFF36F8FFEE7206848B9A068F4
:10C6900038B1502080F31188BFF34F8FBFF36F8FF5
:10C6A000FEE7FFF7A3FA5020EFF3118580F311881E
:10C6B000BFF34F8FBFF36F8FA16BE06B884218D928
:10C6C00094F94500491CA163411C04D0401C84F826
:10C6D000450001200EE0606A0028FAD004F1240031
:10C6E00000F084FB0028F4D0002EF2D0012030604E
:10C6F000EFE7002085F3118870BD10B5040009D064
:10C7000000F072FAA168884214D1E068401EE0602F
:10C7100008D00DE0502080F31188BFF34F8FBFF396
:10C720006F8FFEE700231A4619462046FFF788FE62
:10C73000012010BD002010BD2DE9F747002683B071
:10C740008A46040003D0BAF1000F08D011E050204F
:10C7500080F31188BFF34F8FBFF36F8FFEE7206C1C
:10C7600038B1502080F31188BFF34F8FBFF36F8F24
:10C77000FEE700F03FFADFF8F4804FF000094FF0D9
:10C78000805748B9059838B1502080F31188BFF31D
:10C790004F8FBFF36F8FFEE7FFF7B0F9A56BC5B101
:10C7A00051462046FEF780F86D1EA563206950B102
:10C7B00004F1100000F01AFB28B1C8F80070BFF3B4
:10C7C0004F8FBFF36F8FFFF7B9F9012006B0BDE8B7
:10C7D000F087059808B11EB106E0FFF7AFF927E032
:10C7E0006846FFF7B5FA0126FFF7A8F9FFF7CCFB7B
:10C7F000FFF784F994F94400401C01D184F8449077
:10C8000094F94500401C01D184F84590FFF796F952
:10C8100005A9684600F056F9002820460AD0FEF720
:10C8200021FB00F01BFB2046FEF7B0F90028B3D037
:10C830000020CBE7FEF7AAF990B104F12400059996
:10C84000FFF794FA2046FEF70DFB00F007FB0028E7
:10C85000A2D1C8F80070BFF34F8FBFF36F8F9BE773
:10C860002046FEF7FFFA00F0F9FA95E704ED00E044
:10C870002DE9F04790468946040003D0B9F1000F36
:10C8800008D011E0502080F31188BFF34F8FBFF321
:10C890006F8FFEE7206C38B1502080F31188BFF312
:10C8A0004F8FBFF36F8FFEE7FFF7A0F95020EFF334
:10C8B000118680F31188BFF34F8FBFF36F8FA76B83
:10C8C000F7B194F9445049462046FDF7EDFF7F1E2D
:10C8D000A763681C04D06D1C84F84450012010E04C
:10C8E00020690028FAD004F1100000F07FFA002837
:10C8F000F4D0B8F1000FF1D00121C8F80010EDE735
:10C90000002086F31188BDE8F08700002DE9F3438D
:10C91000002683B00400354609D0206C78B1502041
:10C9200080F31188BFF34F8FBFF36F8FFEE7502066
:10C9300080F31188BFF34F8FBFF36F8FFEE700F0D6
:10C9400059F9DFF83C814FF000094FF0805748B9A2
:10C95000049838B1502080F31188BFF34F8FBFF394
:10C960006F8FFEE7FFF7CAF8A06BC8B1401EA06347
:10C97000206810B9FEF71AFBA060206950B104F1DD
:10C98000100000F033FA28B1C8F80070BFF34F8FE1
:10C99000BFF36F8FFFF7D2F8012005B0BDE8F08339
:10C9A000049808B166B10FE03DB1502080F31188C2
:10C9B000BFF34F8FBFF36F8FFEE7FFF7BFF85DE068
:10C9C0006846FFF7C5F90126FFF7B8F8FFF7DCFA6C
:10C9D000FFF794F894F94400401C01D184F8449086
:10C9E00094F94500401C01D184F84590FFF7A6F862
:10C9F00004A9684600F066F80028204612D0FEF729
:10CA000031FA00F02BFA2046FEF7C0F80028A9D032
:10CA10009DB3FFF773F8606A50B3206B0068C0F1F4
:10CA2000380126E0FEF7B2F8E0B1206838B9FFF728
:10CA300065F8A06800F09EF90546FFF77FF804F15D
:10CA400024000499FFF792F92046FEF70BFA00F054
:10CA500005FA002886D1C8F80070BFF34F8FBFF3E6
:10CA60006F8F7FE72046FEF7FDF900F0F7F979E7D1
:10CA70000021A068FFF7AEF99FE7FFE700208CE7F1
:10CA800004ED00E070B50D46040009D000F0ACF8EC
:10CA9000A16888420CD1E068401CE060012070BDB4
:10CAA000502080F31188BFF34F8FBFF36F8FFEE7E5
:10CAB00029462046FFF72AFF0028F0D0E168491CEC
:10CAC000E16070BD2DE9F0410C46050011D0C4B104
:10CAD000FFF714F8174BDA686E682068911B471C43
:10CAE00017D02F681B6A9F4219D0964217D801248D
:10CAF00010E0502080F31188BFF34F8FBFF36F8F8A
:10CB0000FEE7502080F31188BFF34F8FBFF36F8F84
:10CB1000FEE70024FFF712F82046BDE8F0818842C6
:10CB200005D9401A20602846FFF712F9F1E70020E6
:10CB30002060DCE7A00000202DE9FF5F8346DDE9EF
:10CB40000E87994616468A469000FEF7C1F9050001
:10CB50001CD05C20FEF7BCF9040014D00020256333
:10CB600084F85900CDE90240CDE900874B463246B2
:10CB700051465846FDF770FF2046FDF701FE0120A3
:10CB800004B0BDE8F09F2846FEF7ECFF4FF0FF3001
:10CB9000F6E7F0B585B0DDE90B640A9DA6B1DCB11E
:10CBA0005C2700972663022684F85960002604AFAC
:10CBB000CDE90246CDE90057FDF74EFF2046FDF7CF
:10CBC000DFFD049805B0F0BD502080F31188BFF35D
:10CBD0004F8FBFF36F8FFEE7502080F31188BFF3B4
:10CBE0004F8FBFF36F8FFEE701480068704700006A
:10CBF000A00000200548416919B1006B18B1002060
:10CC0000704701207047022070470000A0000020FC
:10CC10000148C06870470000A000002010B5FEF772
:10CC2000E5FF0148C06810BDA00000202DE9F041DB
:10CC30002E4C0027206B28B1A069401CA06138460B
:10CC4000BDE8F081E668761CE66013D1606B006891
:10CC500038B1502080F31188BFF34F8FBFF36F8F2F
:10CC6000FEE7606BA16B6163A063206A401C2062D9
:10CC7000FEF778F8A06ADFF87880864209D3606B07
:10CC80000068A0B1606BC068C5686868864211D250
:10CC9000A0622068C06A00EB800158F821000128DA
:10CCA00000D90127E0690028C9D00127C7E74FF064
:10CCB000FF30EDE7281DFEF7C5FEA86A18B105F1A3
:10CCC0001800FEF7BFFEE86A2169884200D920619A
:10CCD00000EB800108EB8100291DFEF703FFE86AE5
:10CCE0002168C96A8842CAD30127C8E7A00000208A
:10CCF0002414002070B504004FF0000133D01B4D08
:10CD00002868844207D0502080F31188BFF34F8FEA
:10CD1000BFF36F8FFEE7206D38B1401E2065E36CD6
:10CD2000E26A9A421FD040B11DE0502080F3118882
:10CD3000BFF34F8FBFF36F8FFEE7201DFEF782FE1C
:10CD4000E06CE062C0F13800A061E06A29698842C5
:10CD500000D92861064900EB800001EB8000211D0D
:10CD6000FEF7C0FE0121084670BD0000A0000020B3
:10CD70002414002070B504004FF000002BD0194D92
:10CD8000E16A2A68D26A914226D2A069002804DBAF
:10CD90002868C06AC0F13800A061134E01EB810120
:10CDA000606906EB8101884211D1201DFEF74AFE21
:10CDB0002868C06AE0622969884200D9286100EBCE
:10CDC000800006EB8000211DFEF78CFE02E0286843
:10CDD000C06AE062012070BDE16C2A68D26A9142AB
:10CDE000F8D370BDA00000202414002070B5C068E6
:10CDF000C46854B104F118000646FEF723FE144D32
:10CE0000286B50B13146134815E0502080F311884B
:10CE1000BFF34F8FBFF36F8FFEE7201DFEF712FEAB
:10CE2000E06A2969884200D928610B4900EB80003B
:10CE300001EB8000211DFEF755FEE06A2968C96AF2
:10CE4000884202D90120E86170BD002070BD000059
:10CE5000A0000020AC180020241400202DE9F04789
:10CE60002C4D00242746286B38B1FEF747FE286B6F
:10CE7000401E2863286B40B146E0502080F31188A3
:10CE8000BFF34F8FBFF36F8FFEE7A968224E0120DB
:10CE9000D1B3A6F5916980463068E0B1F068C46806
:10CEA00004F11800FEF7CEFD201DFEF7CBFDE06A71
:10CEB0002969884200D9286100EB800109EB8100D3
:10CEC000211DFEF70FFEE06A2968C96A8842E3D394
:10CED000C5F81C80E0E70CB1FDF744FFAC694CB12C
:10CEE0004FEA0806FFF7A2FE00B1EE61641EF9D119
:10CEF0000020A861E86938B10849012738070860AF
:10CF0000BFF34F8FBFF36F8FFEF718FE3846BDE8B3
:10CF1000F0870000A0000020AC18002004ED00E025
:10CF200010B586B0FDF794FC114C2068B8B1002014
:10CF30000390049005AA04A903A8FEF7A1FDDDE96A
:10CF4000032102208DE8070000230AA10B48059A5F
:10CF5000FFF71FFE606010B106B0012010BD502029
:10CF600080F31188BFF34F8FBFF36F8FFEE7000090
:10CF7000DC000020546D72205376630041AE00083F
:10CF80002DE9FF411E46134602000A9D4FF00000A6
:10CF900016D0144C2768002F0FD0CDE90013029251
:10CFA000062917DAFFF726FE02284FF000030FD0FC
:10CFB000002269462068FFF743FA04B0BDE8F0811B
:10CFC000502080F31188BFF34F8FBFF36F8FFEE7C0
:10CFD0002A46EEE70023324669463846FFF7E0FA74
:10CFE000EBE70000DC00002038D300080000000060
:10CFF000000000000000000000000000000400002D
:10D0000018000000000000000000000028D3000805
:10D010000000000000000000000000000000000010
:10D0200000040000300000000000000000000000CC
:10D0300018D30008000000000000000000000000FD
:10D0400000000000000400001800000000000000C4
:10D050000000000044D300080000000000000000B1
:10D060000000000000000000000C0000180000009C
:10D07000000000000000000068D500080200000069
:10D0800000000000000000000000C1C081C140019C
:10D0900001C3C003800241C201C6C006800741C768
:10D0A0000005C1C581C4400401CCC00C800D41CD38
:10D0B000000FC1CF81CE400E000AC1CA81CB400B08
:10D0C00001C9C009800841C801D8C018801941D9D8
:10D0D000001BC1DB81DA401A001EC1DE81DF401F68
:10D0E00001DDC01D801C41DC0014C1D481D5401578
:10D0F00001D7C017801641D601D2C012801341D388
:10D100000011C1D181D0401001F0C030803141F117
:10D110000033C1F381F240320036C1F681F7403767
:10D1200001F5C035803441F4003CC1FC81FD403D37
:10D1300001FFC03F803E41FE01FAC03A803B41FB07
:10D140000039C1F981F840380028C1E881E9402957
:10D1500001EBC02B802A41EA01EEC02E802F41EF67
:10D16000002DC1ED81EC402C01E4C024802541E577
:10D170000027C1E781E640260022C1E281E3402387
:10D1800001E1C021802041E001A0C060806141A197
:10D190000063C1A381A240620066C1A681A7406767
:10D1A00001A5C065806441A4006CC1AC81AD406D37
:10D1B00001AFC06F806E41AE01AAC06A806B41AB07
:10D1C0000069C1A981A840680078C1B881B94079D7
:10D1D00001BBC07B807A41BA01BEC07E807F41BF67
:10D1E000007DC1BD81BC407C01B4C074807541B577
:10D1F0000077C1B781B640760072C1B281B3407387
:10D2000001B1C071807041B00050C1908191405116
:10D210000193C053805241920196C0568057419766
:10D220000055C19581944054019CC05C805D419D36
:10D23000005FC19F819E405E005AC19A819B405B06
:10D240000199C059805841980188C0488049418956
:10D25000004BC18B818A404A004EC18E818F404F66
:10D26000018DC04D804C418C0044C1848185404576
:10D270000187C047804641860182C0428043418386
:10D280000041C18181804040000001010200010095
:10D29000030003001000020011000200120002004F
:10D2A00013000100200001002100030030000201F2
:10D2B0004000020041000200500002006000020035
:10D2C00061000200620002006300020064000200CC
:10D2D0007000030172000301740003017600030172
:10D2E000780003007900030080000101A000010024
:10D2F0001230035674470006101600061016000080
:10D3000000000000000001020304060708090000F5
:10D31000000001020304000074656D704374726CB8
:10D320005461736B0000000075617274436F6D6D22
:10D330005461736B0000000064656661756C745421
:10D3400061736B00636F6D706F756E6441637469B8
:10D350006F6E00005B43594C5D2053756374696FB9
:10D360006E207075736820636F6E6669673A20641B
:10D3700069723D666F727761726420666F72636571
:10D380003D25752525206C656E6774683D257520E3
:10D3900073706565643D257525250D0A0000000044
:10D3A0005B43594C5D2069643D2564207761697455
:10D3B000207461726765742074696D656F7574207F
:10D3C0007461726765743D257520706F733D2575B6
:10D3D00020646966663D25752073746174653D251A
:10D3E000642028256C756D73290D0A005B46554A2B
:10D3F000554E5D20436F7272656374696F6E206D68
:10D400006F76653A207461726765743D256C64209F
:10D4100063757272656E743D256C642064656C740E
:10D42000613D256C642028617474656D70742025DD
:10D43000642F2564290D0A005B46554A554E5D2030
:10D44000506F736974696F6E206D69736D61746379
:10D45000683A207461726765743D256C642061636D
:10D460007475616C3D256C6420646966663D256C4D
:10D47000642028617474656D70742025642F2564A0
:10D48000290D0A005B4D4F444255535F4641494CBC
:10D490005D20736C6176653D3078253032582066AA
:10D4A000756E633D57524954455F52454720616C44
:10D4B0006C20726574726965732065786861757334
:10D4C000746564206572723D25640D0A00000000D9
:10D4D0005B4D4F444255535F4641494C5D20736C50
:10D4E0006176653D3078253032582066756E633D33
:10D4F000524541445F484F4C44494E4720616C6C53
:10D5000020726574726965732065786861757374DB
:10D510006564206572723D25640D0A005B4D4F44C1
:10D520004255535F4641494C5D20736C6176653DC1
:10D530003078253032582066756E633D5752495415
:10D54000455F4D554C544920616C6C207265747276
:10D5500069657320657868617573746564206572A8
:10D56000723D25640D0A00004D6F646275734D7540
:10D57000746578005B53544F505D2053746570346C
:10D580003A2053756374696F6E2063796C696E64B9
:10D5900065722064697361626C65207075736820C0
:10D5A0007365676D656E74204641494C202872652D
:10D5B000743D2564290D0A005B434D445F3078308B
:10D5C0003036315D205374657032205375636B20A3
:10D5D00063796C20646F776E20636F6D706C657417
:10D5E00065207461726765743D257520706F733DA9
:10D5F000524541445F4641494C2073746174653D16
:10D6000025642028256C756D73290D0A0000000023
:10D610005B434D445F3078303036315D2053746564
:10D620007032205375636B2063796C20646F776E62
:10D6300020636F6D706C65746520746172676574CA
:10D640003D257520706F733D257520737461746579
:10D650003D25642028256C756D73290D0A00000096
:10D660005B53544F505D2053746570353A204675B6
:10D670006A756E206D6F746F7220686F6D652053D0
:10D680004B49505045442C2063796C696E64657237
:10D69000206E6F7420686F6D656420287365616CFF
:10D6A0003D2575207375636B3D2575290D0A0000B6
:10D6B0005B494E49545D2053746570343A204D6F78
:10D6C00076696E672046756A756E206D6F746F722D
:10D6D00020746F2077656C6C20706C6174652070AD
:10D6E0006F736974696F6E3D256C752E2E2E0D0A51
:10D6F000000000005B434D445F3078303036315DD0
:10D7000020436C65616E75703A2072656C6561735B
:10D71000652073756374696F6E2063757020616E28
:10D72000642072657475726E2073756374696F6EB0
:10D730002063796C696E64657220746F20300D0A05
:10D74000000000005B454550524F4D5D2043616332
:10D75000686520696E69743A207A65726F3D256C40
:10D7600075207375636B5F7365616C3D256C752007
:10D77000706176653D256C75206765745F706C61BE
:10D7800063653D256C752074656D703D2575207051
:10D79000726573733D25757320667265713D256CE6
:10D7A000750D0A00C4D70008000000202C010000FD
:10D7B0002E080008F0D700082C0100208C61000022
:10D7C0000C500008717334430B4180400AD7A33DCD
:10D7D0009A99993E42C84205330101032BFFFF424B
:10D7E000019210037A24F40511AAAAAAAA00000043
:040000050800018965
:00000001FF
